step,time_s,residual_l2_N,residual_rms_N,initial_residual_l2_N,relative_to_initial,max_vertex_residual_N,min_det_F,max_free_speed_m_s,free_vertices,elastic_l2_N,damping_l2_N,inertia_l2_N
1,0.00277777785,2.06601376,0.0923949444,27.3800089,0.0754570157,0.343120159,0.999997678,0.0270366852,500,0.281783558,7.45002256,7.32131123
2,0.00555555569,1.91233206,0.0855220895,50.4775914,0.0378847723,0.317019798,0.99999785,0.0534296859,500,0.745899862,9.75310028,9.92827579
3,0.00833333354,1.93564614,0.0865647269,71.3845772,0.027115747,0.343060488,0.999999136,0.0787498951,500,1.36615829,11.2685261,11.582417
4,0.0111111114,1.83623949,0.0821191265,90.4791562,0.0202946134,0.344155158,0.999998986,0.102696874,500,2.12306046,12.4028301,12.8923068
5,0.0138888892,1.80578411,0.0807571206,107.94146,0.0167292911,0.311221843,0.999996357,0.125099107,500,3.00141764,13.4292984,14.0322593
6,0.0166666671,1.75702855,0.0785767054,123.895439,0.0141815434,0.356965402,0.999993077,0.145827747,500,3.98741369,14.4033894,15.0913855
7,0.0194444449,1.82793583,0.0817477754,138.430147,0.0132047525,0.300309922,0.999990764,0.164882606,500,5.06866061,15.3916454,16.0914207
8,0.0222222228,1.90456335,0.0851746625,151.633516,0.012560306,0.376934527,0.999980998,0.182221177,500,6.23339542,16.435069,17.0570547
9,0.0250000006,1.85537186,0.0829747522,163.580589,0.0113422496,0.356263325,0.999978903,0.198057582,500,7.47022063,17.4520089,17.9793531
10,0.0277777785,1.83413178,0.0820248667,174.348357,0.0105199258,0.347585045,0.99996913,0.212263188,500,8.76857329,18.5326545,18.8629787
11,0.0305555563,1.99896741,0.0893965404,184.008558,0.0108634481,0.355356116,0.99995896,0.225095514,500,10.1187101,19.617871,19.7188407
12,0.0333333341,2.01743653,0.0902225043,192.624467,0.0104734178,0.348598428,0.99994659,0.236511625,500,11.5109549,20.7261043,20.523473
13,0.036111112,2.01938055,0.0903094436,200.267392,0.0100834216,0.330137087,0.999934118,0.246640243,500,12.9364294,21.8535332,21.2949923
14,0.0388888898,1.96897295,0.0880551471,206.997319,0.0095120698,0.334201261,0.999921416,0.255610131,500,14.3871859,22.9923187,22.0194627
15,0.0416666677,2.02167755,0.0904121685,212.87634,0.00949695747,0.356073985,0.999904738,0.26342126,500,15.8557438,24.1152882,22.7105044
16,0.0444444455,1.94653325,0.0870516134,217.959767,0.00893069981,0.395566097,0.999887274,0.270202374,500,17.3349042,25.2584959,23.3588701
17,0.0472222234,1.93925676,0.0867261989,222.301265,0.00872355253,0.335474628,0.999870522,0.27595335,500,18.8180932,26.4080542,23.96615
18,0.0500000012,1.98547773,0.0887932635,225.954425,0.00878707167,0.314751428,0.999854507,0.280803276,500,20.2992163,27.5548445,24.5405548
19,0.0527777791,1.94239374,0.0868664889,228.962614,0.00848345374,0.291465658,0.999834851,0.2848378,500,21.7729167,28.6953414,25.0764634
20,0.0555555569,2.12306883,0.0949465247,231.372755,0.0091759673,0.371858939,0.999815389,0.288013958,500,23.2342492,29.8389173,25.5704099
21,0.0583333347,1.75931382,0.0786789061,233.236394,0.00754305019,0.344169437,0.999793833,0.290503232,500,24.6783995,30.9373369,26.0297246
22,0.0611111126,1.91319567,0.0855607114,234.59379,0.00815535513,0.340663712,0.999772637,0.29226311,500,26.1016165,32.0305787,26.4602681
23,0.0638888904,1.87354045,0.0837872761,235.479433,0.00795628063,0.330847835,0.999753143,0.293422097,500,27.4997535,33.1221835,26.8551731
24,0.0666666683,1.95139482,0.0872690294,235.93547,0.00827088364,0.325225772,0.999731701,0.294066007,500,28.869662,34.1794622,27.2205347
25,0.0694444461,2.03976664,0.0912211372,235.99965,0.00864309179,0.388934468,0.999709282,0.294109249,500,30.2082883,35.2311781,27.5529204
26,0.072222224,1.96753443,0.0879908144,235.700281,0.0083476117,0.446597874,0.999688262,0.29368024,500,31.5129531,36.2335922,27.8639762
27,0.0750000018,1.99907664,0.0894014252,235.071755,0.00850411245,0.370552459,0.999666415,0.292822237,500,32.7811701,37.2244051,28.1486113
28,0.0777777797,1.93019698,0.0863210332,234.138221,0.00824383551,0.262174946,0.999644031,0.291534891,500,34.0111706,38.1646684,28.4028512
29,0.0805555575,2.17204109,0.0971366303,232.934778,0.00932467495,0.35326765,0.999623053,0.289904544,500,35.2012038,39.1028407,28.6369084
30,0.0833333354,1.94016977,0.0867670297,231.483649,0.0083814549,0.392552854,0.999602858,0.287930457,500,36.3497844,39.9708344,28.849194
31,0.0861111132,2.00499562,0.08966613,229.808014,0.00872465491,0.424354938,0.999578757,0.285612997,500,37.4557533,40.8142864,29.0393607
32,0.088888891,1.90811847,0.0853336523,227.935684,0.00837130211,0.385944097,0.999557524,0.28303838,500,38.5180387,41.6256084,29.2092954
33,0.0916666689,2.08098125,0.0930643106,225.884029,0.00921260905,0.33544039,0.999534273,0.280248723,500,39.535757,42.4242852,29.3626714
34,0.0944444467,1.88335333,0.0842261213,223.672389,0.00842014222,0.301069759,0.999509156,0.277244912,500,40.5087839,43.1474461,29.4931209
35,0.0972222246,2.16144542,0.0966627778,221.325406,0.00976591645,0.317060098,0.999489008,0.274026329,500,41.4367761,43.8561367,29.6130609
36,0.100000002,2.0632059,0.092269373,218.855628,0.00942724629,0.30120051,0.999465928,0.270678925,500,42.3196235,44.4978312,29.7182738
37,0.10277778,1.88124281,0.0841317359,216.277367,0.00869828792,0.348587486,0.9994442,0.267117048,500,43.1569227,45.1240077,29.8068787
38,0.105555558,2.05051684,0.0917019007,213.60944,0.0095993737,0.301994796,0.999421496,0.263512106,500,43.9491052,45.7153276,29.8851761
39,0.108333336,2.18626101,0.0977725646,210.860891,0.0103682622,0.394413763,0.999400643,0.259735566,500,44.6964853,46.2573334,29.9508683
40,0.111111114,1.99652958,0.0892875172,208.046332,0.00959656225,0.350717658,0.999380902,0.255915857,500,45.3991587,46.7612492,30.0064989
41,0.113888892,2.15061687,0.0961785101,205.178458,0.0104816894,0.362283125,0.99936056,0.252010629,500,46.0575926,47.2433489,30.0536696
42,0.116666669,1.84216784,0.0823842502,202.261754,0.0091078407,0.331959063,0.999343031,0.248062723,500,46.6729071,47.6554317,30.0783396
43,0.119444447,1.89666885,0.0848216094,199.319309,0.00951573057,0.360967332,0.999321857,0.244028567,500,47.2456911,48.0443665,30.1028448
44,0.122222225,2.18248414,0.097603658,196.354272,0.0111150326,0.38456662,0.999303061,0.23995139,500,47.7770327,48.3926797,30.1237033
45,0.125000003,2.14711425,0.0960218683,193.370657,0.0111036198,0.411492987,0.999283395,0.235874585,500,48.2672805,48.7164533,30.1323956
46,0.127777781,2.14071644,0.0957357495,190.3793,0.0112444811,0.385356693,0.999262064,0.231797565,500,48.7172271,49.0237645,30.1346008
47,0.130555559,2.00488145,0.0896610241,187.386383,0.0106991843,0.333665306,0.999245333,0.227720572,500,49.1280639,49.2614538,30.1391209
48,0.133333337,2.0106455,0.0899188005,184.392783,0.0109041442,0.356620022,0.999224064,0.223643437,500,49.5012124,49.464219,30.124464
49,0.136111114,2.21364537,0.0989972306,181.413355,0.0122022184,0.345040087,0.999206503,0.219566517,500,49.8377229,49.6477964,30.1089984
50,0.138888892,2.30338127,0.103010342,178.449589,0.0129077421,0.405754631,0.999189968,0.215532206,500,50.138224,49.805181,30.0948521
51,0.14166667,2.10202254,0.094005306,175.503699,0.011977084,0.364594532,0.999171296,0.21154085,500,50.4041626,49.9131656,30.0732809
52,0.144444448,2.18176137,0.0975713346,172.57967,0.0126420532,0.392211369,0.999154102,0.207549857,500,50.636512,50.0066859,30.0460971
53,0.147222226,2.09211736,0.0935623327,169.685314,0.0123293956,0.319031688,0.999138018,0.203601643,500,50.836529,50.0660825,30.0171519
54,0.150000004,1.91702179,0.0857318206,166.818531,0.0114916597,0.3432318,0.99912067,0.19973919,500,51.0052747,50.0883748,29.9858701
55,0.152777781,2.10167995,0.0939899847,163.988253,0.0128160397,0.353088297,0.999102738,0.195833651,500,51.1442829,50.0927631,29.9468424
56,0.155555559,2.15205852,0.0962429828,161.193847,0.0133507485,0.405322514,0.999089327,0.192056952,500,51.2545006,50.0739223,29.9168333
57,0.158333337,2.09820337,0.0938345072,158.43293,0.0132434802,0.334324792,0.999074731,0.188323183,500,51.3371702,50.0183245,29.8793947
58,0.161111115,1.97749324,0.0884361862,155.709939,0.0126998524,0.361895836,0.999058652,0.184675209,500,51.393542,49.9354894,29.8363492
59,0.163888893,2.09911277,0.0938751769,153.02964,0.013717034,0.412704608,0.999042875,0.181027193,500,51.4246441,49.8439094,29.7932303
60,0.166666671,2.09900838,0.0938705086,150.393043,0.0139568184,0.332691537,0.99902851,0.177465213,500,51.4315874,49.726986,29.7562256
61,0.169444449,2.1008754,0.093954004,147.794582,0.0142148336,0.375731482,0.999014438,0.173989085,500,51.415666,49.5820625,29.7120454
62,0.172222226,2.10520398,0.0941475842,145.24099,0.0144945582,0.386658286,0.998999848,0.170555622,500,51.3779859,49.4162684,29.6709916
63,0.175000004,2.01664978,0.09018732,142.72775,0.0141293461,0.335288212,0.998984442,0.167165218,500,51.3197584,49.2233677,29.624897
64,0.177777782,2.13726944,0.095581595,140.260488,0.0152378583,0.37829216,0.99897015,0.163860464,500,51.2417202,49.0310708,29.5833357
65,0.18055556,1.91277756,0.0855420128,137.835835,0.0138772153,0.379802646,0.99895832,0.160598688,500,51.1450533,48.811883,29.5344278
66,0.183333338,2.12875456,0.095200798,135.458937,0.0157151281,0.413702586,0.998946783,0.157423101,500,51.0310557,48.5772524,29.48604
67,0.186111116,2.05835343,0.092052364,133.130373,0.0154611858,0.378619953,0.998934053,0.154332735,500,50.9005013,48.3286555,29.447114
68,0.188888893,2.09589812,0.0937314135,130.841441,0.0160186109,0.420395304,0.998920736,0.15128584,500,50.753737,48.1040786,29.4041885
69,0.191666671,2.19417012,0.0981262707,128.595384,0.0170625885,0.387952243,0.998909876,0.148324355,500,50.5928198,47.8038135,29.3587435
70,0.194444449,2.17168875,0.0971208734,126.392901,0.0171820469,0.412404141,0.998897365,0.145406193,500,50.418026,47.5201296,29.3147241
71,0.197222227,2.16900345,0.097000783,124.235889,0.017458751,0.356271244,0.998885248,0.142530758,500,50.2305977,47.2129461,29.2675564
72,0.200000005,2.11787118,0.0947140785,122.12427,0.0173419352,0.372220793,0.998875363,0.139741059,500,50.0314075,46.884305,29.2296489
73,0.202777783,2.14447503,0.0959038388,120.049297,0.0178632869,0.404800334,0.998864446,0.137037388,500,49.8213176,46.5543639,29.1841968
74,0.205555561,2.22247854,0.0993922618,118.019498,0.0188314522,0.308561999,0.998855742,0.134419209,500,49.6005957,46.2448396,29.1451376
75,0.208333338,2.14842808,0.0960806245,116.03096,0.0185159899,0.433949392,0.99884685,0.131801312,500,49.3703159,45.9030064,29.104199
76,0.211111116,2.22495516,0.0995030197,114.081464,0.0195032136,0.343967166,0.998835987,0.129226293,500,49.1316337,45.5310651,29.0628743
77,0.213888894,2.23867733,0.100116694,112.172304,0.0199574873,0.457183915,0.99882641,0.126779757,500,48.8847307,45.1804448,29.0233335
78,0.216666672,2.01065742,0.0899193332,110.303652,0.0182283848,0.339088883,0.998818029,0.124333762,500,48.6305179,44.8101198,28.9836419
79,0.21944445,2.09463314,0.0936748416,108.472834,0.0193102094,0.404069606,0.998808168,0.121973137,500,48.3699055,44.4280954,28.9423928
80,0.222222228,2.19781222,0.0982891507,106.682598,0.0206014126,0.355550415,0.998797424,0.119741443,500,48.1027537,44.0875449,28.9079094
81,0.225000005,2.17882343,0.0974399458,104.928181,0.0207649023,0.366259103,0.998788019,0.117466801,500,47.8308096,43.6587151,28.8727103
82,0.227777783,2.17851919,0.0974263398,103.207137,0.0211082223,0.333654583,0.998779207,0.115278056,500,47.5539929,43.2671903,28.8396817
83,0.230555561,2.28655343,0.102257778,101.520428,0.022523087,0.409119127,0.998769963,0.11313215,500,47.2734051,42.8617734,28.7961896
84,0.233333339,2.12554901,0.0950574417,99.8736595,0.0212823784,0.385712007,0.998760866,0.111029086,500,46.9886113,42.4807437,28.7684957
85,0.236111117,2.2264098,0.0995680734,98.25729,0.0226589783,0.320221498,0.998750439,0.10896913,500,46.7007675,42.0795497,28.7355378
86,0.238888895,2.26223781,0.10117035,96.6741318,0.023400653,0.401642881,0.998744616,0.106994927,500,46.4099617,41.6977804,28.7010792
87,0.241666673,2.17230497,0.0971484315,95.1247018,0.0228363919,0.352667204,0.99873834,0.105063366,500,46.1166869,41.3000125,28.6710204
88,0.24444445,2.18460698,0.0976985944,93.6066568,0.0233381584,0.43170298,0.998730593,0.103175169,500,45.8216595,40.8865579,28.6387506
89,0.247222228,2.06193456,0.0922125169,92.1191676,0.022383339,0.362953868,0.998723291,0.101329734,500,45.5250004,40.4785207,28.610663
90,0.250000006,2.05274026,0.0918013351,90.6607392,0.0226419978,0.323445384,0.998716006,0.0994843662,500,45.2276166,40.0532743,28.5826774
91,0.252777784,1.99104585,0.0890422773,89.2297196,0.0223137073,0.405830706,0.998710935,0.0977244306,500,44.9294712,39.6444017,28.5523566
92,0.255555562,2.07500654,0.0927971137,87.829909,0.023625284,0.425820165,0.998704842,0.09596487,500,44.6305922,39.2786443,28.5242864
93,0.25833334,2.35596038,0.105361751,86.457945,0.0272497846,0.386908289,0.998698304,0.0943338384,500,44.3319223,38.8637093,28.4973843
94,0.261111117,2.19422251,0.0981286138,85.1137842,0.0257798725,0.41274446,0.99869487,0.0927029404,500,44.0341475,38.4004664,28.472402
95,0.263888895,2.21197749,0.0989226406,83.7971987,0.0263967952,0.328819221,0.998692327,0.0910721744,500,43.7370285,37.9887519,28.4482717
96,0.266666673,2.18138385,0.0975544514,82.5051354,0.0264393705,0.352265121,0.998688758,0.0895271464,500,43.4414299,37.5470069,28.4211878
97,0.269444451,1.98954787,0.0889752857,81.2397085,0.024489845,0.360720464,0.998683714,0.0879820692,500,43.1461238,37.189406,28.4000961
98,0.272222229,1.96941274,0.0880748151,79.9989378,0.0246179861,0.443139563,0.99867675,0.0864800358,500,42.8526996,36.7422026,28.3747775
99,0.275000007,2.05143644,0.0917430268,78.7844892,0.0260385828,0.400148276,0.998673052,0.0850207563,500,42.5607331,36.3497202,28.3504175
100,0.277777785,2.20059313,0.0984135167,77.5921355,0.0283610332,0.483162781,0.998667874,0.0836045338,500,42.2710256,35.9351791,28.3300797
101,0.280555562,2.14300299,0.0958380074,76.4225614,0.0280414966,0.377914805,0.998662994,0.0822309234,500,41.9831033,35.5426671,28.3088355
102,0.28333334,2.13100274,0.0953013395,75.2745155,0.0283097503,0.434522606,0.998658119,0.0808576745,500,41.6977189,35.1269025,28.2897952
103,0.286111118,2.04784652,0.0915824805,74.1468263,0.0276188021,0.362193334,0.998654133,0.0795272529,500,41.414383,34.758183,28.2688628
104,0.288888896,2.11133736,0.0944218771,73.0409822,0.0289062016,0.405836224,0.998649271,0.0782396802,500,41.133632,34.3698321,28.2473895
105,0.291666674,2.09913012,0.093875953,71.9575583,0.0291717809,0.385484611,0.99864693,0.0769521456,500,40.8564003,33.9106165,28.2298343
106,0.294444452,2.21678441,0.0991376128,70.8935018,0.0312692187,0.367085716,0.99864341,0.0757074307,500,40.5824149,33.4857594,28.2113114
107,0.297222229,2.02013353,0.0903431178,69.8501018,0.0289209818,0.34503133,0.998639883,0.0745056697,500,40.3103741,33.1786339,28.1931349
108,0.300000007,2.16594252,0.0968638944,68.824862,0.0314703504,0.346859289,0.998636655,0.0733039874,500,40.04175,32.7731888,28.1749754
109,0.302777785,2.09158722,0.0935386241,67.81874,0.0308408446,0.398948416,0.998634476,0.0721452609,500,39.7766291,32.368552,28.1578859
110,0.305555563,2.19058288,0.0979658446,66.8308901,0.0327779995,0.388472464,0.998630222,0.070986506,500,39.5145071,32.0115456,28.1452333
111,0.308333341,1.95882156,0.0876011634,65.8594298,0.0297424616,0.325216502,0.998624498,0.0698705078,500,39.2558553,31.6175765,28.126188
112,0.311111119,2.12031117,0.0948231982,64.9064037,0.0326672108,0.327673893,0.998621288,0.0687546512,500,39.0005871,31.2427933,28.1094954
113,0.313888896,2.27835302,0.101891045,63.9726633,0.0356144781,0.383844862,0.998616309,0.0677246492,500,38.748858,30.8897964,28.0958541
114,0.316666674,2.26724288,0.101394184,63.0545778,0.0359568323,0.380014629,0.998612219,0.0666945894,500,38.5010629,30.4909143,28.0838837
115,0.319444452,1.99331199,0.089143622,62.1501071,0.0320725431,0.328552643,0.998611246,0.0656644729,500,38.2567415,30.1309294,28.0650236
116,0.32222223,2.23378384,0.0998978501,61.2643243,0.0364614131,0.384905033,0.998608049,0.0646345267,500,38.0166639,29.7385793,28.0564729
117,0.325000008,2.19006928,0.0979428755,60.3904094,0.0362651835,0.425521902,0.998607522,0.0636474093,500,37.7801839,29.3916658,28.038221
118,0.327777786,2.21188549,0.0989185262,59.5348922,0.0371527587,0.437850541,0.998606704,0.0626602267,500,37.5470231,29.0880778,28.0299586
119,0.330555564,2.30011595,0.102864312,58.6896322,0.0391911802,0.459586361,0.998604413,0.0617160012,500,37.318126,28.6827376,28.0159434
120,0.333333341,2.08742572,0.0933525164,57.862159,0.0360758354,0.380199676,0.998602264,0.0608147073,500,37.0929731,28.3233005,28.0023596
121,0.336111119,2.16843827,0.0969755074,57.0485755,0.0380103841,0.400248061,0.99859894,0.059913584,500,36.8723497,27.9349696,27.9886599
122,0.338888897,2.2234385,0.0994351927,56.2507257,0.0395272856,0.368273578,0.998596064,0.0590121,500,36.6548455,27.6504171,27.9822315
123,0.341666675,2.15279373,0.0962758622,55.4618197,0.0388157788,0.409969718,0.998594226,0.0581109476,500,36.4415458,27.285551,27.9689069
124,0.344444453,2.19235324,0.0980450176,54.6864267,0.0400895317,0.400505161,0.998591945,0.057252461,500,36.2313539,26.9990722,27.9600333
125,0.347222231,2.08580591,0.093280076,53.9233079,0.038680971,0.413460537,0.998590112,0.0564369821,500,36.0251341,26.6659666,27.9445414
126,0.350000008,2.1628271,0.0967245686,53.175682,0.0406732367,0.40190176,0.998590969,0.0555787026,500,35.8231917,26.2989169,27.9335139
127,0.352777786,2.11738697,0.0946924239,52.442081,0.0403757236,0.416219603,0.998589957,0.054806074,500,35.6248028,25.9823422,27.9242137
128,0.355555564,1.9247354,0.0860767839,51.7207564,0.037213984,0.340556928,0.998591163,0.0540335684,500,35.4301696,25.6502231,27.9161146
129,0.358333342,2.1912487,0.0979956208,51.0071529,0.0429596355,0.412195735,0.998590229,0.053218198,500,35.2393849,25.3426964,27.9097347
130,0.36111112,2.17039856,0.0970631745,50.3041804,0.043145491,0.40021588,0.998589812,0.0524885506,500,35.0526246,25.0183503,27.897213
131,0.363888898,2.23762895,0.100069809,49.6133335,0.0451013628,0.391778997,0.998587629,0.0516730734,500,34.8685897,24.8054819,27.8883552
132,0.366666676,2.03074229,0.0908175561,48.9345443,0.041499156,0.364084858,0.998585594,0.050943442,500,34.6890384,24.3957148,27.8768209
133,0.369444453,2.17499696,0.0972688211,48.2689648,0.0450599463,0.377911503,0.998584448,0.0502138134,500,34.5125275,24.1670617,27.8743844
134,0.372222231,2.19836287,0.0983137765,47.6088065,0.046175551,0.465663652,0.998582932,0.0495271546,500,34.3403361,23.8010669,27.865834
135,0.375000009,2.12674441,0.0951109013,46.9574707,0.0452908638,0.42362326,0.998582533,0.0487975581,500,34.1713656,23.524409,27.8540167
136,0.377777787,2.18677507,0.0977955542,46.3213826,0.0472087608,0.360248749,0.998581835,0.0481107918,500,34.0052546,23.3136648,27.8433729
137,0.380555565,2.205956,0.0986533513,45.6965676,0.0482739976,0.413651186,0.998582089,0.0474241011,500,33.8422937,23.0502439,27.8382689
138,0.383333343,2.21963644,0.0992651594,45.0786162,0.049239232,0.3498684,0.998579944,0.0467803397,500,33.684109,22.6558253,27.8330773
139,0.38611112,2.06130969,0.0921845717,44.4671372,0.0463557993,0.374960866,0.998580423,0.0461364049,500,33.5290546,22.3919901,27.8205114
140,0.388888898,2.09958544,0.0938963153,43.8708382,0.0478583388,0.364821181,0.998578187,0.0454498661,500,33.3774338,22.1063686,27.8161738
141,0.391666676,2.16133041,0.0966576342,43.2809003,0.0499372793,0.361474348,0.998577143,0.0448489223,500,33.2300062,21.7448658,27.8069139
142,0.394444454,2.05549442,0.0919245052,42.7020487,0.0481357332,0.353820907,0.998578613,0.0442051876,500,33.0847259,21.5699615,27.7992817
143,0.397222232,2.35984806,0.105535614,42.1332041,0.056009224,0.434682133,0.998577572,0.0436043563,500,32.9436458,21.2622818,27.7921033
144,0.40000001,2.0603362,0.092141036,41.572337,0.0495602689,0.361699038,0.998577423,0.0430034693,500,32.8050316,21.0380571,27.7857062
145,0.402777788,2.22564018,0.0995336547,41.0193908,0.0542582456,0.432878315,0.998576826,0.0424026643,500,32.6702177,20.7406301,27.7795463
146,0.405555565,2.11734695,0.0946906344,40.474537,0.0523130618,0.440930851,0.998577422,0.0418446861,500,32.537782,20.5429978,27.7784128
147,0.408333343,2.24155061,0.100245191,39.9335563,0.0561320057,0.422010504,0.998577274,0.0412438734,500,32.4097566,20.1471204,27.7704358
148,0.411111121,2.18510292,0.0977207734,39.4029759,0.0554552764,0.389965601,0.998577868,0.040685949,500,32.2837147,20.00469,27.7623936
149,0.413888899,2.17393248,0.0972212161,38.881568,0.0559116464,0.401031505,0.99857846,0.0401279927,500,32.1600561,19.8100564,27.7565095
150,0.416666677,2.03401879,0.0909640856,38.3672118,0.0530145062,0.338571623,0.99857729,0.0395701158,500,32.0393958,19.5477023,27.7469993
151,0.419444455,2.12149569,0.0948761714,37.8629968,0.0560308446,0.341608,0.998575965,0.0390549782,500,31.9214989,19.3300255,27.7474791
152,0.422222232,2.26244715,0.101179713,37.3622284,0.0605543954,0.372366915,0.998574946,0.0385399348,500,31.8070904,19.0396291,27.7391299
153,0.42500001,2.35284216,0.1052223,36.8692264,0.0638158809,0.392689903,0.998574815,0.0379820149,500,31.6952317,18.8310872,27.7363932
154,0.427777788,2.13271618,0.095377967,36.3839639,0.0586169276,0.337395577,0.998574236,0.0375099045,500,31.5852614,18.6366428,27.729567
155,0.430555566,2.03450702,0.0909859199,35.9062638,0.0566616184,0.456595468,0.998573908,0.0369949658,500,31.4786331,18.3282617,27.7208468
156,0.433333344,2.09412369,0.0936520587,35.4367497,0.0590946888,0.338978308,0.998573381,0.0364799398,500,31.3749417,18.0930992,27.721297
157,0.436111122,2.22387465,0.0994546978,34.9680909,0.0635972566,0.365776317,0.998572952,0.0360078184,500,31.2729311,17.9879908,27.7149397
158,0.4388889,2.02685144,0.0906435521,34.5095334,0.0587330875,0.391741846,0.998571498,0.0354927906,500,31.1742231,17.6446861,27.7097473
159,0.441666677,2.20016465,0.0983943545,34.0575717,0.0646013365,0.372818881,0.998572111,0.035063499,500,31.0773134,17.519358,27.7029952
160,0.444444455,2.24957358,0.100603989,33.6142462,0.0669232196,0.342449276,0.998572727,0.034548556,500,30.9831283,17.2845933,27.6990367
161,0.447222233,2.13956031,0.0956840459,33.1743199,0.064494474,0.329609301,0.998573492,0.0341194842,500,30.891398,17.0353289,27.691489
162,0.450000011,2.10617285,0.0941909133,32.7452968,0.0643198582,0.374472241,0.998572787,0.0336472866,500,30.8024772,16.753308,27.6895688
163,0.452777789,2.15524439,0.0963854591,32.3206917,0.0666831145,0.46824627,0.99857208,0.0331752413,500,30.7151401,16.6426674,27.6854315
164,0.455555567,2.23054544,0.0997530248,31.9008042,0.0699212918,0.389895481,0.99857093,0.0327460682,500,30.629708,16.4783277,27.6819748
165,0.458333344,2.08969165,0.0934538517,31.485091,0.0663708309,0.356330455,0.998570076,0.0323169016,500,30.5473192,16.1596373,27.6814447
166,0.461111122,2.27259004,0.101633316,31.0726595,0.0731379314,0.376422135,0.998569673,0.0318876276,500,30.4671321,15.9813056,27.6700387
167,0.4638889,2.28785913,0.102316171,30.6717882,0.0745916447,0.404656457,0.998568822,0.031458394,500,30.3884561,15.8463787,27.6678589
168,0.466666678,2.14833097,0.0960762816,30.2759173,0.0709584105,0.410746296,0.998571229,0.0310293153,500,30.3115026,15.6778952,27.6638746
169,0.469444456,2.06609753,0.0923986903,29.8850504,0.0691348181,0.436308604,0.998570825,0.0306430026,500,30.2363001,15.4995204,27.6598999
170,0.472222234,2.17172603,0.0971225407,29.4988328,0.0736207445,0.390056455,0.99857087,0.0302567643,500,30.163874,15.2389205,27.6547975
171,0.475000012,2.23039403,0.0997462535,29.1189328,0.0765960088,0.405091702,0.998571211,0.0298704285,500,30.0916944,15.250942,27.6507152
172,0.477777789,1.92931549,0.0862816119,28.74544,0.0671172713,0.334498854,0.998568709,0.0294412945,500,30.0229936,14.8495999,27.647127
173,0.480555567,2.07985722,0.0930140426,28.3731936,0.0733035994,0.39070848,0.998566481,0.0290550001,500,29.9555697,14.7427648,27.6436245
174,0.483333345,2.34763546,0.104989449,28.0099626,0.0838143019,0.395184295,0.998563408,0.0286687509,500,29.8901284,14.5969856,27.6376732
175,0.486111123,2.23047281,0.0997497764,27.6521389,0.0806618545,0.389690689,0.998560334,0.0283254447,500,29.8270084,14.3020687,27.6398268
176,0.488888901,2.2263898,0.0995671789,27.2952856,0.0815668259,0.358230825,0.998559853,0.0279390944,500,29.7646937,14.2337111,27.6365274
177,0.491666679,2.06675504,0.0924280952,26.9438982,0.0767058659,0.35576281,0.998558562,0.0275958754,500,29.7040681,14.0306049,27.6335044
178,0.494444456,2.07865729,0.0929603801,26.59556,0.078158057,0.301180115,0.998559374,0.0272095259,500,29.6459451,13.750248,27.6258992
179,0.497222234,2.15661216,0.096446628,26.2556442,0.0821389927,0.350823756,0.998556335,0.0268232312,500,29.5888122,13.6655353,27.626418
180,0.500000012,2.17780095,0.0973942192,25.9173102,0.0840288183,0.383746511,0.998554929,0.0264799873,500,29.5332545,13.5107346,27.6222491
181,0.50277779,1.98718337,0.0888695418,25.5850451,0.0776697229,0.388757762,0.99855474,0.0261366828,500,29.4788286,13.3888182,27.6161496
182,0.505555568,2.20267566,0.09850665,25.2563108,0.0872128821,0.425614584,0.998554154,0.0257932971,500,29.4265592,13.1576659,27.6184411
183,0.508333346,2.07450523,0.0927746944,24.9304329,0.0832117615,0.402898502,0.998552421,0.0254499577,500,29.3744501,13.1286377,27.6102361
184,0.511111123,2.33471584,0.104411667,24.6132509,0.0948560532,0.398804469,0.998551909,0.0251494524,500,29.324489,12.9330755,27.606955
185,0.513888901,2.16101489,0.0966435238,24.2982996,0.0889368772,0.394549435,0.998551734,0.0248061484,500,29.2759546,12.7712819,27.6033258
186,0.516666679,2.26724131,0.101394114,23.9890234,0.0945116135,0.38709439,0.998551633,0.0244628016,500,29.2295658,12.5360245,27.6008127
187,0.519444457,2.04877144,0.0916238444,23.6836606,0.0865056916,0.333657452,0.998550052,0.0241623784,500,29.1838286,12.3832371,27.6037314
188,0.522222235,2.23505142,0.0999545381,23.3800664,0.0955964531,0.470783454,0.998549656,0.0238618889,500,29.1396007,12.2240937,27.5959617
189,0.525000013,2.11424227,0.0945517889,23.082146,0.0915964345,0.406376197,0.998547562,0.0235616244,500,29.0963198,12.1550484,27.59105
190,0.527777791,2.30259573,0.102975211,22.7890902,0.101039388,0.404516049,0.998545132,0.0232181742,500,29.0545413,11.9801401,27.5887858
191,0.530555568,2.33191589,0.104286449,22.5007472,0.103637265,0.406959689,0.998542775,0.0229177794,500,29.0138807,11.87157,27.5850786
192,0.533333346,2.05969226,0.0921122381,22.2169991,0.0927079418,0.446638295,0.99854301,0.0226173634,500,28.9732569,11.8002781,27.5895581
193,0.536111124,2.34721591,0.104970687,21.9315378,0.107024684,0.44485735,0.998541325,0.0223597341,500,28.9344563,11.5885128,27.5819469
194,0.538888902,2.06835441,0.0924996213,21.6536712,0.0955198031,0.352613516,0.998542007,0.0220594393,500,28.8960576,11.4990203,27.5774604
195,0.54166668,2.22032804,0.0992960888,21.3802202,0.103849634,0.33152886,0.998540546,0.0218018924,500,28.8594902,11.3065542,27.5803019
196,0.544444458,2.26969798,0.10150398,21.1062648,0.107536696,0.438374367,0.998539013,0.0214585116,500,28.8234417,11.2313976,27.5741679
197,0.547222235,2.18353575,0.0976506875,20.8392536,0.10477994,0.406416206,0.998537948,0.0212010298,500,28.788621,11.0818285,27.5689134
198,0.550000013,2.20199301,0.0984761212,20.5757641,0.107018772,0.365339702,0.998536599,0.0209435481,500,28.7543354,11.0403582,27.5693329
199,0.552777791,2.06507815,0.0923531025,20.3137932,0.101658914,0.420138965,0.998534028,0.0206859805,500,28.7217337,10.7727442,27.5649084
200,0.555555569,2.18512712,0.0977218556,20.0585906,0.108937221,0.361596903,0.998533786,0.0203856362,500,28.6887236,10.8616124,27.5666359
201,0.558333347,2.26526043,0.101305526,19.803048,0.114389483,0.380208057,0.998533583,0.0201280528,500,28.6578699,10.5688509,27.5622353
202,0.561111125,2.1624552,0.0967079363,19.5512157,0.110604641,0.36651964,0.998533753,0.0198705663,500,28.6272696,10.5569556,27.5599981
203,0.563888903,2.18631218,0.097774853,19.3020036,0.113268665,0.469056279,0.998533961,0.0196130691,500,28.5980911,10.3537871,27.5560175
204,0.56666668,2.1417811,0.0957833626,19.0569171,0.112388645,0.354112884,0.998533773,0.0193984881,500,28.5698823,10.1524747,27.5566983
205,0.569444458,2.25445892,0.100822468,18.8163318,0.119813944,0.400012011,0.99853261,0.019098109,500,28.543121,9.94862843,27.5519514
206,0.572222236,2.0854543,0.0932643515,18.5787052,0.112249712,0.364890099,0.998531779,0.0188835014,500,28.5161682,9.96481448,27.5533254
207,0.575000014,2.1907843,0.0979748524,18.3429066,0.119434959,0.37334682,0.998532286,0.0186259423,500,28.4898088,9.92172075,27.5487498
208,0.577777792,2.09938815,0.0938874925,18.1103019,0.115922317,0.388273263,0.998531497,0.0183684919,500,28.4640241,9.77753865,27.5485574
209,0.58055557,2.10682099,0.094219899,17.8805684,0.117827406,0.363580919,0.99852919,0.0181110801,500,28.4391295,9.6849,27.5427004
210,0.583333347,2.17601958,0.097314554,17.6540435,0.12325899,0.385665367,0.998528848,0.0178963622,500,28.4152219,9.50451825,27.5425951
211,0.586111125,2.30706222,0.103174959,17.4322731,0.132344314,0.364730215,0.998525989,0.0176817839,500,28.3917113,9.50679029,27.5416532
212,0.588888903,2.25789687,0.100976218,17.210707,0.131191407,0.409330519,0.998525837,0.017424226,500,28.3685581,9.44963808,27.5356248
213,0.591666681,2.29025755,0.102423432,16.9939467,0.13476902,0.497213877,0.998526975,0.0172096567,500,28.3475505,9.0521718,27.5375957
214,0.594444459,2.3522943,0.105197799,16.778399,0.14019778,0.376169989,0.998526162,0.0169951034,500,28.3261787,9.17880164,27.5307734
215,0.597222237,2.27740282,0.10184855,16.5693683,0.137446569,0.404058333,0.998524975,0.0167805187,500,28.3059047,8.97258684,27.5292107
216,0.600000015,2.20359465,0.0985477488,16.3630268,0.134669134,0.317474204,0.998523049,0.0165659466,500,28.2856152,8.95151345,27.5288605
217,0.602777792,2.23402023,0.0999084219,16.1578686,0.138262062,0.356141185,0.998521825,0.0163514158,500,28.2656611,8.90141633,27.5305806
218,0.60555557,2.092193,0.0935657152,15.9526646,0.131150065,0.34247554,0.99852146,0.016136774,500,28.2466119,8.71429847,27.5226422
219,0.608333348,2.18765785,0.0978350332,15.7540734,0.138862997,0.385205748,0.998521468,0.015922206,500,28.2282053,8.63307941,27.5268643
220,0.611111126,2.09712907,0.093786463,15.5536813,0.134831686,0.375869834,0.998522022,0.0157505827,500,28.2099332,8.6294036,27.5232417
221,0.613888904,2.24065788,0.100205267,15.3562364,0.145911917,0.417414834,0.998521243,0.0155359125,500,28.1933463,8.36068731,27.5166822
222,0.616666682,2.12097841,0.094853038,15.1642896,0.139866652,0.399408433,0.998520326,0.0153213642,500,28.1771038,8.22754747,27.5221055
223,0.619444459,2.18265163,0.0976111483,14.9728198,0.145774253,0.387796153,0.998518773,0.0151496655,500,28.1605753,8.31257062,27.5160618
224,0.622222237,2.04874726,0.091622763,14.7859858,0.138560073,0.391003408,0.998518258,0.0149779473,500,28.1445834,8.2101965,27.5119215
225,0.625000015,2.27129748,0.101575511,14.6012026,0.155555507,0.494187318,0.998517964,0.0147634153,500,28.1294849,8.08853337,27.5158841
226,0.627777793,2.03233379,0.0908887303,14.4160877,0.140976791,0.347081979,0.998519078,0.0145489119,500,28.1145949,7.94759292,27.5082826
227,0.630555571,2.06661175,0.0924216871,14.2386159,0.145141337,0.330919288,0.998519967,0.0143771989,500,28.1005829,7.803302,27.5117343
228,0.633333349,2.1379289,0.095611087,14.059203,0.152066152,0.363096693,0.99851975,0.0142054094,500,28.0862672,7.87881392,27.506812
229,0.636111127,2.1201439,0.0948157178,13.8848309,0.152694975,0.416296805,0.998518456,0.0140338107,500,28.0725254,7.73502328,27.5081949
230,0.638888904,2.06735662,0.0924549986,13.7094106,0.150798359,0.35148282,0.9985192,0.0138192094,500,28.0590706,7.68317,27.5021454
231,0.641666682,2.31740759,0.103637618,13.5393165,0.171161342,0.37206249,0.998517872,0.013690471,500,28.0464325,7.58682571,27.5040525
232,0.64444446,2.00579737,0.0897019852,13.3686735,0.150037127,0.467735005,0.998516768,0.0134758986,500,28.034264,7.42215425,27.5074114
233,0.647222238,2.33848944,0.104580427,13.1969499,0.177199236,0.395571486,0.99851681,0.0133042164,500,28.0221775,7.48486718,27.5002406
234,0.650000016,2.31389784,0.103480657,13.0321805,0.177552623,0.386348988,0.998516005,0.0131753813,500,28.0107962,7.28632398,27.4987845
235,0.652777794,2.18404327,0.0976733844,12.8686796,0.169717744,0.393271091,0.998514975,0.0129609065,500,27.9996057,7.2425231,27.4969598
236,0.655555571,2.29524805,0.102646613,12.7082744,0.180610521,0.371182294,0.998515013,0.0128320633,500,27.987754,7.39864802,27.4988546
237,0.658333349,2.18682665,0.0977978611,12.5474071,0.174285144,0.395653813,0.9985155,0.0126604893,500,27.9768232,7.16942828,27.498002
238,0.661111127,2.13564815,0.0955090888,12.3853862,0.172432907,0.477974399,0.998515917,0.0124887383,500,27.9660874,7.09346029,27.4938481
239,0.663888905,2.12472976,0.0950208035,12.2294097,0.173739355,0.399246878,0.998514887,0.0123171544,500,27.956346,6.84805861,27.4932416
240,0.666666683,2.24662805,0.100472261,12.0738923,0.186073222,0.37454177,0.998514305,0.0121454413,500,27.9467965,6.85593225,27.490659
241,0.669444461,2.00248938,0.0895540474,11.922642,0.167956849,0.428417053,0.99851335,0.0120166711,500,27.9375298,6.74013794,27.4888321
242,0.672222238,1.93991124,0.086755468,11.7730504,0.164775583,0.311129438,0.998512581,0.0118450913,500,27.9286717,6.62301524,27.4889068
243,0.675000016,2.15788541,0.0965035692,11.6257886,0.18561196,0.410058749,0.998512263,0.0117162764,500,27.9204292,6.50157512,27.4861496
244,0.677777794,2.24003367,0.100177351,11.4811621,0.195105134,0.415615982,0.998513017,0.0115874223,500,27.9120247,6.57914624,27.4857281
245,0.680555572,2.13850007,0.0956366305,11.3369722,0.188630618,0.309818757,0.99851221,0.0114157672,500,27.9043219,6.40505471,27.485633
246,0.68333335,2.06862445,0.092511698,11.1942982,0.184792688,0.42938799,0.998512809,0.0112442313,500,27.8959528,6.48935215,27.4850286
247,0.686111128,2.13770208,0.0956009434,11.053186,0.19340144,0.43431523,0.998512787,0.01111539,500,27.8881534,6.37707702,27.476652
248,0.688888906,2.15769144,0.0964948949,10.9171601,0.197642191,0.427869693,0.998512354,0.0109866592,500,27.8806635,6.33288688,27.4796725
249,0.691666683,1.89514566,0.0847534906,10.7801481,0.175799595,0.408457319,0.998511846,0.0108579423,500,27.8733301,6.20733077,27.479586
250,0.694444461,2.11693254,0.0946721011,10.6433659,0.198896904,0.369197218,0.998512503,0.0106862261,500,27.8659798,6.22565383,27.4800946
251,0.697222239,2.0761141,0.0928466451,10.5089619,0.197556534,0.422234507,0.998512608,0.0105574907,500,27.8591535,6.10145641,27.4758713
252,0.700000017,1.98193139,0.0886346663,10.3766919,0.190998385,0.393407669,0.998512175,0.0104287014,500,27.8527349,5.9956977,27.472068
253,0.702777795,2.15956821,0.0965788264,10.2481814,0.21072697,0.387311472,0.998511928,0.0102999824,500,27.8467036,5.93835713,27.4704233
254,0.705555573,2.13167369,0.0953313456,10.1234551,0.210567801,0.369684796,0.998512532,0.0101712258,500,27.8409989,5.81206,27.4729275
255,0.70833335,2.06413193,0.0923107863,9.99778306,0.206458964,0.366488833,0.998512513,0.0100424182,500,27.8357447,5.68625409,27.4693012
256,0.711111128,2.19753391,0.0982767041,9.87542465,0.22252551,0.343703532,0.998513114,0.00991374037,500,27.8296618,5.89677476,27.4700702
257,0.713888906,2.20520235,0.098619647,9.75492767,0.226060348,0.399904274,0.998513353,0.00978503093,500,27.8238509,5.85579716,27.4656779
258,0.716666684,2.08341123,0.0931729829,9.63374439,0.216261834,0.39228757,0.99851363,0.00969917126,500,27.8190775,5.56691052,27.4681771
259,0.719444462,2.35847106,0.105474032,9.51272686,0.24792797,0.394131115,0.998514884,0.00957039389,500,27.8135961,5.82279292,27.4693068
260,0.72222224,2.22746928,0.0996154544,9.39188648,0.237169527,0.466078405,0.998513379,0.00944168357,500,27.8086238,5.56633635,27.4663628
261,0.725000018,2.00207954,0.089535719,9.27514833,0.21585418,0.433523425,0.998512325,0.00931290061,500,27.8037805,5.54391674,27.4623088
262,0.727777795,2.08387625,0.0931937788,9.15928092,0.227515267,0.377915299,0.998512304,0.0091841735,500,27.7989942,5.51836907,27.4630756
263,0.730555573,1.99520731,0.0892283837,9.04615326,0.220558646,0.308822137,0.998512579,0.0090553897,500,27.7942035,5.46314264,27.4613498
264,0.733333351,2.2575193,0.100959332,8.93327496,0.252709035,0.400664034,0.998511671,0.00896953545,500,27.789789,5.45413647,27.4641096
265,0.736111129,2.17538825,0.09728632,8.8198283,0.24664746,0.397099129,0.998510692,0.00884081683,500,27.7857288,5.34286185,27.4641135
266,0.738888907,2.01391029,0.0900648063,8.70605193,0.231323028,0.382608215,0.99851082,0.00871206074,500,27.7821148,5.15645718,27.4626487
267,0.741666685,2.1684898,0.0969778121,8.59468959,0.252305773,0.378051658,0.998510214,0.00862622605,500,27.7783815,5.21516246,27.4567682
268,0.744444462,2.28676986,0.102267457,8.48922569,0.269373197,0.455273902,0.99850968,0.00849753328,500,27.7744259,5.27911398,27.459362
269,0.74722224,2.2923042,0.10251496,8.38258589,0.273460269,0.401699891,0.998508699,0.0084116555,500,27.7700956,5.40591612,27.4598859
270,0.750000018,1.98990143,0.0889910975,8.2732518,0.240522286,0.353052872,0.998509125,0.00828289708,500,27.7660246,5.12416188,27.4612531
271,0.752777796,2.15901146,0.0965539277,8.16598667,0.264390765,0.428804951,0.998508516,0.00815417127,500,27.7621344,5.15177444,27.4555548
272,0.755555574,2.27575527,0.10177487,8.06275499,0.282255293,0.427581165,0.998508867,0.00806831807,500,27.7595977,4.83589242,27.4548749
273,0.758333352,2.43653338,0.108965085,7.95870573,0.306146937,0.39315447,0.998508485,0.00798233514,500,27.7563696,5.10341411,27.4510687
274,0.76111113,2.31836604,0.103680481,7.86213493,0.294877416,0.357141022,0.99850773,0.00789668755,500,27.753317,5.01266891,27.4533175
275,0.763888907,2.17296016,0.0971777324,7.76113805,0.279979578,0.392948461,0.998507199,0.00776791811,500,27.7508645,4.7586294,27.4527076
276,0.766666685,2.24176657,0.100254849,7.66334922,0.292530917,0.393498234,0.998505482,0.00768215379,500,27.74871,4.71571212,27.4484839
277,0.769444463,2.26381536,0.101240901,7.56915252,0.29908439,0.388736515,0.998504874,0.00755335966,500,27.745868,4.89495357,27.4470925
278,0.772222241,1.99267437,0.0891151072,7.47722148,0.266499311,0.468291894,0.998505524,0.00746744978,500,27.7434435,4.58114232,27.4488105
279,0.775000019,2.19575128,0.0981969825,7.38486157,0.297331407,0.384476574,0.998506471,0.00738170431,500,27.7406741,4.75675066,27.44605
280,0.777777797,2.06943329,0.09254787,7.29320669,0.283748065,0.413106886,0.99850616,0.00729594067,500,27.7384208,4.58786147,27.4468292
281,0.780555574,2.07988908,0.0930154675,7.20157997,0.288810107,0.375657303,0.998506811,0.00721005124,500,27.7364556,4.42846482,27.4458754
282,0.783333352,2.17109153,0.0970941648,7.11314265,0.305222549,0.331765336,0.998505906,0.00712421989,500,27.7337998,4.68194547,27.4457964
283,0.78611113,2.14513873,0.0959335206,7.02414804,0.305394864,0.380196437,0.998505818,0.00703834163,500,27.732197,4.4530963,27.4441608
284,0.788888908,2.15414278,0.0963361938,6.93363419,0.310680189,0.335889981,0.998505511,0.00695250514,500,27.7305363,4.38353015,27.4410436
285,0.791666686,2.1364196,0.095543589,6.85098025,0.311841447,0.399322495,0.998506685,0.00686666031,500,27.7285716,4.49093515,27.4421599
286,0.794444464,2.06021929,0.0921358075,6.76616773,0.304488356,0.353383064,0.998507044,0.00678084475,500,27.7272825,4.232131,27.4429437
287,0.797222242,2.13697096,0.0955682468,6.6809236,0.319861608,0.380402174,0.998508067,0.00669500647,500,27.7260123,4.16419486,27.4445823
288,0.800000019,2.22925187,0.0996951744,6.59710872,0.337913465,0.478281179,0.998506872,0.00660925739,500,27.7239571,4.48944786,27.4445011
289,0.802777797,2.22905326,0.0996862921,6.51120165,0.342341303,0.398616879,0.99850797,0.00652343729,500,27.7228917,4.13735487,27.4399209
290,0.805555575,2.22787814,0.0996337393,6.42914855,0.346527712,0.339719985,0.998508768,0.00643750579,500,27.7214132,4.22652646,27.4357765
291,0.808333353,2.03928289,0.0911995034,6.35356122,0.320966907,0.348358112,0.998507502,0.0063517813,500,27.7202587,4.07901315,27.4441499
292,0.811111131,2.2972747,0.102737248,6.26921352,0.366437464,0.494064427,0.998507118,0.00626589975,500,27.7185597,4.32983876,27.4391398
293,0.813888909,2.13178467,0.0953363089,6.19026735,0.344376834,0.335282784,0.998505998,0.00622299313,500,27.7173458,4.11797683,27.438456
294,0.816666686,2.32434178,0.103947724,6.1106714,0.380374205,0.388390066,0.998505915,0.00609433169,500,27.7160634,4.1807628,27.4330105
295,0.819444464,2.00127762,0.0894998559,6.03734836,0.331482879,0.457849699,0.998505319,0.00600845103,500,27.7146934,3.99215899,27.4343056
296,0.822222242,2.14898917,0.0961057175,5.96380244,0.36033876,0.380483812,0.998505541,0.00596534398,500,27.7137027,3.96251652,27.4403495
297,0.82500002,2.20285085,0.0985144849,5.88372495,0.37439732,0.410766845,0.998506713,0.00587955527,500,27.7128238,3.92345268,27.4346478
298,0.827777798,1.96293698,0.0877852104,5.81075589,0.337810952,0.435448548,0.998505517,0.00579380251,500,27.7117729,3.91573601,27.4363842
299,0.830555576,2.14595859,0.0959701855,5.73422765,0.374236727,0.377337088,0.998504511,0.00570801072,500,27.7107485,3.92556169,27.4387916
300,0.833333354,2.39023638,0.10689462,5.65817531,0.422439434,0.350352225,0.998504537,0.0056650532,500,27.7098694,4.02496703,27.4343073
