iteration,original_rms_N,alm_rms_N,constitutive_gap_rms_N,elastic_rms_N,damping_rms_N,contact_rms_N,inertia_rms_N,free_vertices,original_max_N,iterate_change_rms_m
0.000000000000000000e+00,5.566758252782872951e-01,5.672276144518795249e-01,9.639080394459111079e-02,5.560300768752576284e-01,5.096452601687983738e-03,4.103393339908947279e-01,0.000000000000000000e+00,1.585000000000000000e+03,8.734320265758748647e+00,7.248944086644723409e-05
1.000000000000000000e+00,9.831737537906070079e-01,5.681709284292143503e-01,6.899250907029245150e-01,8.342747110218949880e-01,4.869170640872650530e-02,3.840387176120180213e-01,5.012255146419375315e-05,1.585000000000000000e+03,2.007798121464002250e+01,9.256484823452456115e-06
2.000000000000000000e+00,6.931144917291606200e-01,4.785798225637455383e-01,4.808383460787049590e-01,6.202440474671039317e-01,3.774168012937015315e-02,3.047666844060153979e-01,8.535085025052017841e-05,1.585000000000000000e+03,1.108722559321874890e+01,7.575779075150186530e-06
3.000000000000000000e+00,4.447984926713748899e-01,3.835051233967980422e-01,3.555474596966783363e-01,5.116902902397357789e-01,2.920047803591680272e-02,1.848818064207924938e-01,1.125728750231972162e-04,1.585000000000000000e+03,3.576095360258534139e+00,6.519400130752920857e-06
4.000000000000000000e+00,4.195554525650843081e-01,3.601377703754101711e-01,3.511099107529452867e-01,4.930740130116501030e-01,2.910739240363733465e-02,1.914286118625049826e-01,1.367804941194929636e-04,1.585000000000000000e+03,3.542428824769056295e+00,5.961232891985489564e-06
5.000000000000000000e+00,4.337737272198444183e-01,3.438167310038539037e-01,3.591778747159036222e-01,4.997292491461157171e-01,3.091918466509376712e-02,2.001130365199230710e-01,1.592667126207470286e-04,1.585000000000000000e+03,3.004508480711851170e+00,5.640288308727055349e-06
6.000000000000000000e+00,4.417565042611684145e-01,3.320346696830631661e-01,3.509183501248686055e-01,5.085455686318534063e-01,3.223179287372143764e-02,2.095481363818166298e-01,1.806761738389090096e-04,1.585000000000000000e+03,2.684901535533526840e+00,5.438792124212718072e-06
7.000000000000000000e+00,4.429582468400179995e-01,3.260348422636651922e-01,3.317704352939758738e-01,5.163236299133533436e-01,3.295622109142767181e-02,2.230945303457767814e-01,2.013822312547124322e-04,1.585000000000000000e+03,2.732135195779171077e+00,5.305476793668519329e-06
8.000000000000000000e+00,4.332715767285422181e-01,3.245260237259166569e-01,2.993003014231374048e-01,5.060411937899090828e-01,3.266153420176821920e-02,2.350222776367066335e-01,2.216316952990440273e-04,1.585000000000000000e+03,2.483259140307578772e+00,5.217068309245418178e-06
9.000000000000000000e+00,5.858654691731732811e-01,4.256861320128517701e-01,3.031517747538712837e-01,5.106203399685590449e-01,3.287592967071742422e-02,3.834843885894420601e-01,2.416088783056638566e-04,1.585000000000000000e+03,1.545033861158755251e+01,5.194702740601836168e-06
1.000000000000000000e+01,4.019755681232770050e-01,3.160186951067441852e-01,2.384968428805457341e-01,4.800319056186615474e-01,3.081250849330476049e-02,2.365781130579935887e-01,2.613921693399608301e-04,1.585000000000000000e+03,2.274583970884516138e+00,5.126598350526636294e-06
1.100000000000000000e+01,3.879522965706975746e-01,3.223622945954007224e-01,2.004530117655757004e-01,4.719508424468652485e-01,2.943939677310765737e-02,2.582935993483708725e-01,2.810777380340405310e-04,1.585000000000000000e+03,3.622615293411028947e+00,5.090678587781723911e-06
1.200000000000000000e+01,3.603780480570909495e-01,3.117605599063859034e-01,1.741490287286238947e-01,4.548063834021475182e-01,2.817612964355850971e-02,2.490499961314241728e-01,3.007189574616145528e-04,1.585000000000000000e+03,1.986918923920517388e+00,5.060348647688533213e-06
1.300000000000000000e+01,3.633401493731847065e-01,3.212545420286810338e-01,1.541894070066691935e-01,4.551491976757403579e-01,2.691559644236030460e-02,2.738866175186158158e-01,3.203512307078581144e-04,1.585000000000000000e+03,4.680911623834824731e+00,5.033785487217609924e-06
1.400000000000000000e+01,3.306489386521060947e-01,3.058355517213728891e-01,1.369125001845971634e-01,4.448535191708184455e-01,2.576716733188328182e-02,2.600936506893247735e-01,3.399952115558560581e-04,1.585000000000000000e+03,1.857379226408283568e+00,5.004352072930835522e-06
1.500000000000000000e+01,5.098041920526779069e-01,4.078412109272242514e-01,1.831700455453001974e-01,4.582638032590637400e-01,2.541434204260652197e-02,3.951363322734074424e-01,3.596934228190832531e-04,1.585000000000000000e+03,1.406669580374020079e+01,5.014211723258700440e-06
1.600000000000000000e+01,3.172348764230279450e-01,3.020512028280477601e-01,1.203167371970523120e-01,4.309956460905600695e-01,2.322603768856401282e-02,2.656239266749488848e-01,3.794082486107711537e-04,1.585000000000000000e+03,1.654446958114579314e+00,4.965717332793875206e-06
1.700000000000000000e+01,3.461430494830432525e-01,3.223242940412759383e-01,1.247356019959062895e-01,4.477746102449432497e-01,2.280684970464318465e-02,3.040159200654116711e-01,3.991544161775369116e-04,1.585000000000000000e+03,4.964117248014265904e+00,4.939026660043271734e-06
1.800000000000000000e+01,3.216352123509901850e-01,3.068109842962036260e-01,1.179274920002521126e-01,4.338635708453586481e-01,2.198073060794213454e-02,2.878758128234040203e-01,4.189300180016770556e-04,1.585000000000000000e+03,3.033092769274996492e+00,4.916984902602897903e-06
1.900000000000000000e+01,3.400786523255321936e-01,3.065341495319316989e-01,1.381344885899882247e-01,4.523078282001489758e-01,2.236224618982585871e-02,2.965840577812273171e-01,4.387188617147262638e-04,1.585000000000000000e+03,4.749630292788339148e+00,4.891319105682526685e-06
2.000000000000000000e+01,4.671368179657488517e-01,3.912423271888435528e-01,1.528297177054635803e-01,4.485045513005322948e-01,2.194988912465539038e-02,4.007315978200866047e-01,4.585583431667160413e-04,1.585000000000000000e+03,1.267291535137531966e+01,4.898467286340268279e-06
2.100000000000000000e+01,3.305008037222019190e-01,3.041735874815418850e-01,1.161259270997719306e-01,4.420893160777273345e-01,2.088039297618720161e-02,3.006083790256339761e-01,4.783981143941281721e-04,1.585000000000000000e+03,4.555134615835508605e+00,4.858594641659070293e-06
2.200000000000000000e+01,3.616442327691816727e-01,3.336915796375610754e-01,1.015567234100899635e-01,4.335473370312488139e-01,2.022893678041675150e-02,3.385032950498023663e-01,4.982601153488225515e-04,1.585000000000000000e+03,6.759978366941204797e+00,4.844163851679962879e-06
2.300000000000000000e+01,4.057455908833865199e-01,3.433994571866716417e-01,1.439339292900355394e-01,4.488746798077585809e-01,2.181235404849952986e-02,3.536667594940484105e-01,5.181379855728895792e-04,1.585000000000000000e+03,9.717869559710562655e+00,4.844414167517435468e-06
2.400000000000000000e+01,3.711571359461764974e-01,3.384660577143939197e-01,1.010178555982110399e-01,4.436353200597089597e-01,2.042788839687592270e-02,3.541181934121153119e-01,5.380131570282724925e-04,1.585000000000000000e+03,8.258226327769753183e+00,4.822429489481220080e-06
2.500000000000000000e+01,8.165985971178060243e-01,5.619382961307255453e-01,3.412016638024384929e-01,5.452691521367099003e-01,3.031469771973057878e-02,5.654944046696679383e-01,5.579121892353783784e-04,1.585000000000000000e+03,2.822272896663897512e+01,4.864155923892184292e-06
2.600000000000000000e+01,4.543845310697887663e-01,3.655606920173231633e-01,1.899881271959393270e-01,4.663150239937607910e-01,2.271226710122386389e-02,3.822192224094117519e-01,5.778273925070184737e-04,1.585000000000000000e+03,8.595430524798050698e+00,4.881765132357467109e-06
2.700000000000000000e+01,3.209058147162612840e-01,2.867289202802955073e-01,1.421376965933957293e-01,4.725296751322540234e-01,2.226657908498213406e-02,3.034993327711134614e-01,5.977066761364895021e-04,1.585000000000000000e+03,3.593674259831860063e+00,4.795240918547279679e-06
2.800000000000000000e+01,3.852228349368397309e-01,3.438772728092711062e-01,1.139576539128132199e-01,4.585140558435903957e-01,2.176978813623946588e-02,3.707378710051774107e-01,6.175852881830233738e-04,1.585000000000000000e+03,9.649200797069379831e+00,4.773437203779048672e-06
2.900000000000000000e+01,7.323033218686546553e-01,5.149272262840844938e-01,3.056164697440782452e-01,5.332833475751487251e-01,2.970404819617317171e-02,5.351682136253547162e-01,6.374775526664848511e-04,1.585000000000000000e+03,2.347327153712878811e+01,4.817224042971542539e-06
3.000000000000000000e+01,4.079128599313877057e-01,3.385807863238851634e-01,1.671200468328625510e-01,4.663991204768280774e-01,2.311599376223287886e-02,3.657341665723343183e-01,6.573440680925926810e-04,1.585000000000000000e+03,9.829714140058227301e+00,4.800070531084471990e-06
3.100000000000000000e+01,3.440632415759123375e-01,3.067881169363474991e-01,1.317306895880727136e-01,4.652784376434161429e-01,2.296654710113949643e-02,3.441235904533077039e-01,6.771906596749115246e-04,1.585000000000000000e+03,6.644180009239370577e+00,4.744653358179325422e-06
3.200000000000000000e+01,6.814063112200291483e-01,5.152741238058927697e-01,2.326193800898521680e-01,4.820123084470788188e-01,2.598282436432037407e-02,5.401106428616728738e-01,6.970412095547933546e-04,1.585000000000000000e+03,2.023308997609834137e+01,4.770849947714534278e-06
3.300000000000000000e+01,1.153117985362571263e+00,7.796705382205997292e-01,4.658370208286021774e-01,6.223645704010072333e-01,3.669304900647906570e-02,7.928392160034768432e-01,7.169148849027332567e-04,1.585000000000000000e+03,4.168416869838476657e+01,4.926929981916307131e-06
3.400000000000000000e+01,4.671687463034324694e-01,3.507200916039687200e-01,2.608366990301697608e-01,5.221292032733819699e-01,2.702960823232553392e-02,3.871827171758832620e-01,7.367414036269676362e-04,1.585000000000000000e+03,1.046893764200379806e+01,4.881373701788643333e-06
3.500000000000000000e+01,3.982995526872587511e-01,2.988563384726287131e-01,2.395485925288892981e-01,5.350295323685528848e-01,2.707771548453835261e-02,3.360865064495621723e-01,7.565236174987249439e-04,1.585000000000000000e+03,5.838477123175896288e+00,4.729475300441830987e-06
3.600000000000000000e+01,4.837207357588279022e-01,3.867777248526337308e-01,1.834884561048479856e-01,4.957139797020088667e-01,2.450081946540750774e-02,4.242994275064926879e-01,7.762710813630422074e-04,1.585000000000000000e+03,1.403304462656945439e+01,4.707140397545099695e-06
3.700000000000000000e+01,4.862443306347132288e-01,3.713615229528312578e-01,2.083061874703813487e-01,4.835093013223318859e-01,2.653628448596873080e-02,4.093535558098711502e-01,7.960070008265639121e-04,1.585000000000000000e+03,1.292694597560635295e+01,4.722338941417768716e-06
3.800000000000000000e+01,4.737354012444816576e-01,3.956184297875023903e-01,1.415497949696059854e-01,4.447909314988259810e-01,2.264791830262679467e-02,4.338952967040922148e-01,8.157243411641456384e-04,1.585000000000000000e+03,1.380797440382768748e+01,4.709175839357053054e-06
3.900000000000000000e+01,4.369219346283347294e-01,3.512404411286724759e-01,1.789528482364712292e-01,4.800633470564572014e-01,2.578557511501371191e-02,3.944334683065039426e-01,8.353917978074535625e-04,1.585000000000000000e+03,1.146129400953208766e+01,4.687974661823421199e-06
4.000000000000000000e+01,4.857352719369305571e-01,4.031267507381860460e-01,1.466731542320722226e-01,4.538806727353206227e-01,2.279331864685219672e-02,4.453718624363553480e-01,8.550378041939874505e-04,1.585000000000000000e+03,1.472352165685608050e+01,4.685944702368461080e-06
4.100000000000000000e+01,4.054319579685810582e-01,3.349388468055413126e-01,1.686108191483997043e-01,4.806520447641464688e-01,2.558883816382014412e-02,3.840636938480216367e-01,8.746337115418313006e-04,1.585000000000000000e+03,9.907533577684644044e+00,4.664465937780377784e-06
4.200000000000000000e+01,5.034824975018251658e-01,4.151054248019361292e-01,1.489776325997684003e-01,4.578097413989872799e-01,2.297893838473195893e-02,4.614670293427953207e-01,8.942055562573562790e-04,1.585000000000000000e+03,1.575610438082594378e+01,4.662342429649714810e-06
4.300000000000000000e+01,3.826220244896369471e-01,3.191289871859359084e-01,1.665121228470172188e-01,4.830275167931152303e-01,2.574105371377416809e-02,3.754193800732409381e-01,9.137253052124950318e-04,1.585000000000000000e+03,8.489511655587772765e+00,4.640984584062099475e-06
4.400000000000000000e+01,5.230565994827526266e-01,4.288386303813143674e-01,1.516464541758191231e-01,4.615162110767315751e-01,2.321698367324036283e-02,4.793512791560012309e-01,9.332197084920257867e-04,1.585000000000000000e+03,1.678285641192845290e+01,4.639312013057019769e-06
4.500000000000000000e+01,3.683280075892519378e-01,3.079390048226591237e-01,1.681875568295994883e-01,4.869749531815558696e-01,2.600606857026261862e-02,3.713502162805507600e-01,9.526615876784182363e-04,1.585000000000000000e+03,7.422914019860637147e+00,4.617348980456972623e-06
4.600000000000000000e+01,3.015605576195119486e-01,2.730765414316437822e-01,1.343188633070367399e-01,4.775364163017346009e-01,2.471972133582272385e-02,3.427021576292393346e-01,9.720459109829980701e-04,1.585000000000000000e+03,4.388299904651731254e+00,4.572307773788815069e-06
4.700000000000000000e+01,3.738515064406680022e-01,3.282253088435815314e-01,1.264105539579773174e-01,4.831190452901675259e-01,2.542411147548494232e-02,3.973177112839320069e-01,9.913878158781851482e-04,1.585000000000000000e+03,9.023470183397371613e+00,4.558888887662959679e-06
4.800000000000000000e+01,7.021476061213254294e-01,5.044985342353648372e-01,2.644132643756829104e-01,5.158746644966900607e-01,2.673149903401533800e-02,5.563377237987423563e-01,1.010723488835145369e-03,1.585000000000000000e+03,2.397547204481692873e+01,4.618775574742713484e-06
4.900000000000000000e+01,3.634958246560621720e-01,3.117587607229110880e-01,1.492604770005022397e-01,4.795217585752962752e-01,2.541851341327105301e-02,3.848437198292180006e-01,1.030008077699819027e-03,1.585000000000000000e+03,7.461767941504732882e+00,4.590594676182169148e-06
5.000000000000000000e+01,2.919321993915670044e-01,2.699632449456355054e-01,1.205776228238631953e-01,4.765955728714308393e-01,2.460405653566067122e-02,3.518034010345489904e-01,1.049231017385984441e-03,1.585000000000000000e+03,3.838340394649800924e+00,4.525527363917990977e-06
5.100000000000000000e+01,3.603723689028028865e-01,3.165101761995849361e-01,1.240415829174601331e-01,4.908738369630854526e-01,2.588824728568479838e-02,3.990363871161913822e-01,1.068409634275305654e-03,1.585000000000000000e+03,8.341710546747938437e+00,4.509110822879093388e-06
5.200000000000000000e+01,2.854512419198194650e-01,2.681315665678292159e-01,1.083126290967965366e-01,4.786294804709860795e-01,2.453796942058729044e-02,3.611490991943268059e-01,1.087539615654559665e-03,1.585000000000000000e+03,2.894853993288574845e+00,4.495958390258705742e-06
5.300000000000000000e+01,3.711154687828041032e-01,3.310903319960067925e-01,1.030680329317173738e-01,4.835056701481296182e-01,2.534745995024348386e-02,4.192654433967906713e-01,1.106629363158106701e-03,1.585000000000000000e+03,9.565720573001955884e+00,4.485768767511803770e-06
5.400000000000000000e+01,2.762071271365790226e-01,2.665756769968063988e-01,8.811406925621199926e-02,4.710396886085973511e-01,2.404521609944881844e-02,3.673174837059896558e-01,1.125668806838188082e-03,1.585000000000000000e+03,2.272717119508172345e+00,4.471484817446458962e-06
5.500000000000000000e+01,2.779140301217582487e-01,2.655834640812214098e-01,9.318912027648545982e-02,4.840940532446508238e-01,2.434799908770674329e-02,3.733142479097875110e-01,1.144660091056886458e-03,1.585000000000000000e+03,2.858665657435870422e+00,4.440895845881064379e-06
5.600000000000000000e+01,3.924203284517008838e-01,3.295221735810242580e-01,1.263015778761061580e-01,4.835858330811178551e-01,2.575205457716756019e-02,4.257329435662318140e-01,1.163618245043485881e-03,1.585000000000000000e+03,1.056827864632850833e+01,4.447157403092979782e-06
5.700000000000000000e+01,2.695866082595280155e-01,2.639144046883377115e-01,7.470086246754389925e-02,4.697261653944758697e-01,2.411470001069434058e-02,3.755454146514646263e-01,1.182528170493678168e-03,1.585000000000000000e+03,2.268497851648926922e+00,4.437392803104979049e-06
5.800000000000000000e+01,2.706679837038266090e-01,2.624752642887877574e-01,8.160124114582380239e-02,4.913166263347739648e-01,2.502091680802874182e-02,3.828467752251068501e-01,1.201384187997090337e-03,1.585000000000000000e+03,2.309377027698409801e+00,4.405148141635008327e-06
5.900000000000000000e+01,3.981057585259905052e-01,3.298896647298764639e-01,1.301891640407981110e-01,4.952281166842511517e-01,2.651853556477232546e-02,4.362383808264340690e-01,1.220204078538600877e-03,1.585000000000000000e+03,1.100558325624745137e+01,4.402814166983012593e-06
6.000000000000000000e+01,2.714054515342222973e-01,2.623870797850778591e-01,8.270373334342474847e-02,4.744180645594652801e-01,2.427477121200375537e-02,3.849606931162570245e-01,1.238980202614829848e-03,1.585000000000000000e+03,2.252178505814444787e+00,4.406247602096089048e-06
6.100000000000000000e+01,3.848264327239576676e-01,3.326484272394844011e-01,1.029879133885847620e-01,4.926300663843340422e-01,2.599342243148625164e-02,4.438584518628818087e-01,1.257715293619640715e-03,1.585000000000000000e+03,1.071293650541290354e+01,4.394401550728876642e-06
6.200000000000000000e+01,2.718918258010722955e-01,2.614640371381629635e-01,8.557831705161203506e-02,4.775214134071874006e-01,2.428743118551396005e-02,3.890208416792127477e-01,1.276397676833453294e-03,1.585000000000000000e+03,2.243980590937244557e+00,4.380598933764516141e-06
6.300000000000000000e+01,3.773931630463048248e-01,3.312240473738441437e-01,9.470427431538976093e-02,4.948362243472971267e-01,2.602834993338885503e-02,4.481133847045395968e-01,1.295037659158016765e-03,1.585000000000000000e+03,1.043946082779005380e+01,4.369974190674425692e-06
6.400000000000000000e+01,2.679116180042657724e-01,2.596948652374785893e-01,7.935118273758810792e-02,4.825137288336797670e-01,2.462319309756540175e-02,3.944041648804910705e-01,1.313624244367590831e-03,1.585000000000000000e+03,2.246035233995820057e+00,4.354147149266869791e-06
6.500000000000000000e+01,2.662995966297858619e-01,2.576194289323536779e-01,8.008517293161698802e-02,5.010240309153667360e-01,2.549354244519107596e-02,4.008884078761809633e-01,1.332155581212371865e-03,1.585000000000000000e+03,2.490970100946666044e+00,4.319241581334848258e-06
6.600000000000000000e+01,3.817603831111245904e-01,3.169997418094069874e-01,1.250919842384491110e-01,5.053458050020308567e-01,2.701103780711213223e-02,4.455050253467827126e-01,1.350649922712161659e-03,1.585000000000000000e+03,1.028618144138723345e+01,4.321404397864840544e-06
6.700000000000000000e+01,2.623297408567185629e-01,2.568833634189727766e-01,6.964225976289240005e-02,4.861222105390642367e-01,2.506618315354511989e-02,4.032218454733421109e-01,1.369096231986817978e-03,1.585000000000000000e+03,2.219531924969259773e+00,4.319868608063073014e-06
6.800000000000000000e+01,2.615267629274057870e-01,2.554525315107390449e-01,6.986332418060393901e-02,5.062408769904856998e-01,2.598950208899912517e-02,4.097854076932707645e-01,1.387485645949263196e-03,1.585000000000000000e+03,2.203864528577780479e+00,4.292592843520993629e-06
6.900000000000000000e+01,3.789329774075628765e-01,3.138250565876874454e-01,1.237744358514194093e-01,5.117519528746600210e-01,2.741946661245304312e-02,4.523237330508621534e-01,1.405830806821275645e-03,1.585000000000000000e+03,1.026434010347009185e+01,4.280121475386337634e-06
7.000000000000000000e+01,2.648494663392247372e-01,2.557254292259955597e-01,7.921889548520581747e-02,4.885973535134995327e-01,2.508732242739951379e-02,4.109988330431269543e-01,1.424133585308255808e-03,1.585000000000000000e+03,2.188633297233608666e+00,4.291462947090950869e-06
7.100000000000000000e+01,3.638572270947902365e-01,3.151200943978133551e-01,9.729725400025558690e-02,5.101374252111791074e-01,2.704543396125963506e-02,4.589657663490024353e-01,1.442383921794091568e-03,1.585000000000000000e+03,9.850501906079351500e+00,4.277208164382247195e-06
7.200000000000000000e+01,2.639865515109011129e-01,2.539216792217694474e-01,8.281911406359861172e-02,4.989128562329841476e-01,2.563578280712584465e-02,4.160843910519707589e-01,1.460581645255964187e-03,1.585000000000000000e+03,2.179834304260739763e+00,4.262139019593408846e-06
7.300000000000000000e+01,3.578375887261461274e-01,3.140567900209602081e-01,8.961881754746779671e-02,5.118009782992286594e-01,2.701182167614295596e-02,4.630243697249227797e-01,1.478732304253458111e-03,1.585000000000000000e+03,9.618631542993512085e+00,4.251992903993101551e-06
7.400000000000000000e+01,2.603903039572008637e-01,2.529089585208692537e-01,7.426572616445284436e-02,4.986312703125371226e-01,2.562250885607500125e-02,4.205522815838505513e-01,1.496827184603336577e-03,1.585000000000000000e+03,2.178915391390169987e+00,4.236627723969694434e-06
7.500000000000000000e+01,3.555213568078000597e-01,3.154617123017711133e-01,8.320470884643352272e-02,5.129512612286940554e-01,2.706324278845408451e-02,4.684316831461078356e-01,1.514877641571118691e-03,1.585000000000000000e+03,9.603767165495240121e+00,4.227217299401005851e-06
7.600000000000000000e+01,2.567795963405913318e-01,2.516562987690311171e-01,6.548618272568502985e-02,5.027051237108820514e-01,2.595989464254343584e-02,4.257260207841443433e-01,1.532873492580719404e-03,1.585000000000000000e+03,2.165257862671750022e+00,4.211168315082587364e-06
7.700000000000000000e+01,2.582941263143477273e-01,2.499473050921174611e-01,7.560068881850152966e-02,5.164545432208954567e-01,2.639906034410552382e-02,4.299076677957311965e-01,1.550813365351657843e-03,1.585000000000000000e+03,2.460298347132659380e+00,4.178316620991187814e-06
7.800000000000000000e+01,3.565753136122340461e-01,3.015359153553573979e-01,1.097840404397960185e-01,5.200980968580017905e-01,2.780084204138081119e-02,4.659868170891636741e-01,1.568715234914940838e-03,1.585000000000000000e+03,9.329151102615423241e+00,4.184092014707453280e-06
7.900000000000000000e+01,2.523919075414112756e-01,2.490242398819010605e-01,5.893059646702236004e-02,5.073301348363395968e-01,2.638075964848386398e-02,4.327467868302071197e-01,1.586575847459435100e-03,1.585000000000000000e+03,2.135661334652868337e+00,4.179859586848072398e-06
8.000000000000000000e+01,3.499054686294963412e-01,3.082407915371798146e-01,8.548928331943307646e-02,5.248675522900549950e-01,2.786578668483031054e-02,4.770610311506066070e-01,1.604390988075979569e-03,1.585000000000000000e+03,9.407508012577714851e+00,4.169223432632361886e-06
8.100000000000000000e+01,2.546850012509554451e-01,2.479457624835103291e-01,7.061703062820338939e-02,5.138989840673917620e-01,2.666845505693973134e-02,4.381644261359687320e-01,1.622158437306580768e-03,1.585000000000000000e+03,2.103498223586549365e+00,4.158717235161322124e-06
8.200000000000000000e+01,2.532816218150173437e-01,2.463140593895682684e-01,7.041188837613686358e-02,5.290734459957702196e-01,2.733973288466129414e-02,4.438896909848802363e-01,1.639883751924365836e-03,1.585000000000000000e+03,2.263956330654973037e+00,4.133304571607857576e-06
8.300000000000000000e+01,3.447149801874480612e-01,2.918217954437628547e-01,1.082125211725390446e-01,5.321786988677165153e-01,2.853894979594980702e-02,4.743060823519587021e-01,1.657577677493834176e-03,1.585000000000000000e+03,8.783242436425544142e+00,4.125038277581494194e-06
8.400000000000000000e+01,2.510681853145835807e-01,2.460422819704374819e-01,6.409007084234522034e-02,5.139117730401050466e-01,2.677430359057058132e-02,4.456960293121360883e-01,1.675246660170844450e-03,1.585000000000000000e+03,2.092631342449692955e+00,4.135506929385845195e-06
8.500000000000000000e+01,3.392303099859183546e-01,2.988226837201418684e-01,8.425605214237814888e-02,5.323894084617365463e-01,2.838702443480683318e-02,4.848421491822097473e-01,1.692882361777660284e-03,1.585000000000000000e+03,8.924890405226479473e+00,4.124410725917179664e-06
8.600000000000000000e+01,2.517146118145596190e-01,2.451289914812010418e-01,6.867531673236361434e-02,5.189195080661099801e-01,2.696269742163811059e-02,4.504592914098735634e-01,1.710480102333967805e-03,1.585000000000000000e+03,2.067761926543237649e+00,4.113291952410274485e-06
8.700000000000000000e+01,3.353099288243377440e-01,3.000799439950274650e-01,7.478485463682349454e-02,5.306604789763135210e-01,2.818654210919837450e-02,4.897463850224453852e-01,1.728046358859860456e-03,1.585000000000000000e+03,8.833042024533702019e+00,4.106268987042190943e-06
8.800000000000000000e+01,2.483342215198796610e-01,2.440622718612872055e-01,6.026415044396709469e-02,5.216933596171833276e-01,2.722116492752184314e-02,4.549939606440462914e-01,1.745569150378361222e-03,1.585000000000000000e+03,2.053513007446147842e+00,4.090648965588822487e-06
8.900000000000000000e+01,2.488971492152927123e-01,2.419623146416521320e-01,6.940380357936189182e-02,5.343439755948812264e-01,2.767087542910564441e-02,4.596339431777187179e-01,1.763050479346830622e-03,1.585000000000000000e+03,2.279057541822417043e+00,4.063708942332469098e-06
9.000000000000000000e+01,3.332304877193452697e-01,2.850606524987996937e-01,1.004984282364954629e-01,5.385842078050280257e-01,2.893719547467103401e-02,4.868791748426186117e-01,1.780496980581445588e-03,1.585000000000000000e+03,8.367583443005866428e+00,4.063585205661625856e-06
9.100000000000000000e+01,2.441901506864128379e-01,2.414280930816679049e-01,5.465268966556065949e-02,5.259850778164608665e-01,2.760711394618299563e-02,4.618852155918162783e-01,1.797918617570238133e-03,1.585000000000000000e+03,2.027726644541768763e+00,4.066685333951043100e-06
9.200000000000000000e+01,3.309617716957372613e-01,2.939118338860443047e-01,7.850418034324398164e-02,5.431179422328611395e-01,2.901352784864798251e-02,4.989779356531332533e-01,1.815303790454329477e-03,1.585000000000000000e+03,8.680214968062465175e+00,4.057624828723765702e-06
9.300000000000000000e+01,2.458110188319143352e-01,2.403897039308218186e-01,6.424693924347131546e-02,5.327285709885444254e-01,2.791558817198223907e-02,4.673549871910188114e-01,1.832642463535601824e-03,1.585000000000000000e+03,1.992902009996331048e+00,4.048254546657115378e-06
9.400000000000000000e+01,2.450791660631219948e-01,2.387108112917975533e-01,6.632274400066887066e-02,5.461402524725849084e-01,2.848831422955819259e-02,4.726616926240317929e-01,1.849936753615911370e-03,1.585000000000000000e+03,2.187680620160563194e+00,4.025773363686419936e-06
9.500000000000000000e+01,3.253135913611832075e-01,2.777627470530262266e-01,1.005142755143613592e-01,5.487793450765338088e-01,2.956409267294076923e-02,4.965518465991917707e-01,1.867189059373880380e-03,1.585000000000000000e+03,8.009596031015744799e+00,4.017046342878514204e-06
9.600000000000000000e+01,2.424531490925410648e-01,2.384322043759834475e-01,5.841593434374138527e-02,5.329609765842866498e-01,2.802029602291300839e-02,4.743498481538658829e-01,1.884419829973029347e-03,1.585000000000000000e+03,1.974467800627265568e+00,4.027474132790960801e-06
9.700000000000000000e+01,3.230704490823770869e-01,2.865209077584681130e-01,7.816461369031066364e-02,5.515219174528996904e-01,2.956287111325821629e-02,5.079117598294529135e-01,1.901605568952787666e-03,1.585000000000000000e+03,8.338830384485985903e+00,4.015571981813448134e-06
9.800000000000000000e+01,2.429004185724097931e-01,2.373369798220707205e-01,6.384386327059338173e-02,5.400918664358509425e-01,2.837259027841265019e-02,4.796382412625964653e-01,1.918748380964490925e-03,1.585000000000000000e+03,1.946516932366972874e+00,4.004907266514649035e-06
9.900000000000000000e+01,2.411384263861069410e-01,2.359775139681450362e-01,6.025937636595484620e-02,5.509798096001661261e-01,2.880823238681184256e-02,4.842193483560599532e-01,1.935837274386334982e-03,1.585000000000000000e+03,2.141319889405176813e+00,3.986643009400844504e-06
1.000000000000000000e+02,3.200670142917217409e-01,2.733154590460104005e-01,9.891153616681931660e-02,5.549957923958614980e-01,2.995476371222829948e-02,5.065370916096019194e-01,1.952885858186254172e-03,1.585000000000000000e+03,7.835549245675009544e+00,3.973636285804448970e-06
