frame,time_s,stretch_score,shear_score,bend_score
0,0.0,0.0,0.0,0.0
1,0.016666666666666666,0.0030811740793994357,0.0015652558692609989,0.0002508412528224486
2,0.03333333333333333,0.00886802202921665,0.004661607532001777,0.0024007362360784416
3,0.05,0.014803334401154819,0.008290397736180956,0.006594178409737352
4,0.06666666666666667,0.019623574655320258,0.011824646106431209,0.011192251468976861
5,0.08333333333333333,0.02281323982645205,0.014359608936959296,0.013733199351780427
6,0.1,0.02355226678929173,0.014829382744355225,0.013696036024585731
7,0.11666666666666667,0.02140568672475927,0.013538817597333823,0.013495751971765241
8,0.13333333333333333,0.017371453286880303,0.011555856943091726,0.011407672533706444
9,0.15,0.013287202915857457,0.008459290039954883,0.008207991974096397
10,0.16666666666666666,0.00999588339990294,0.005633332575934283,0.004962294430350509
11,0.18333333333333332,0.008054649989504272,0.00408077297771028,0.0030592455905625654
12,0.2,0.007058981774433778,0.0034840937296006435,0.002523641952329056
13,0.21666666666666667,0.007554870452695218,0.004026850443311914,0.0032362336076179467
14,0.23333333333333334,0.009955674171312073,0.005882761145517458,0.005114729521943633
15,0.25,0.01366302365103151,0.008377049907592879,0.007273350304684791
16,0.26666666666666666,0.01724143126963965,0.010709489090951254,0.009542240808672938
17,0.2833333333333333,0.019624180640407107,0.01230637637062609,0.01137810610021535
18,0.3,0.020325668364120864,0.012657652997404062,0.011866264237050896
19,0.31666666666666665,0.019096791541797407,0.011699361851226634,0.011118334477707775
20,0.3333333333333333,0.016288471707338232,0.009915716472886823,0.009457522818005763
21,0.35,0.012878405238052101,0.007731442473790033,0.007128306731625547
22,0.36666666666666664,0.00989521119674477,0.005829592138563221,0.0048213206668533
23,0.38333333333333336,0.008116973822404505,0.004612315296476882,0.0033268913583984045
24,0.4,0.007862718798348834,0.004350239497631947,0.0029612401557139643
25,0.4166666666666667,0.009044233136789322,0.005002629228270459,0.003837756613844103
26,0.43333333333333335,0.011403652805991284,0.006502567837207446,0.005674229384071686
27,0.45,0.014381413340532133,0.008501093388329205,0.007671302025791149
28,0.4666666666666667,0.017048156828048226,0.010352955535188458,0.009367916973201827
29,0.48333333333333334,0.018640327417324725,0.011565069749629502,0.010611475102776357
30,0.5,0.018878057279252854,0.011822320321092266,0.010733415544759402
31,0.5166666666666667,0.017555158140189916,0.011004629224199078,0.00995569892249596
32,0.5333333333333333,0.01517634413831719,0.009392191808220214,0.008419920591236809
33,0.55,0.012477243335034562,0.007455644191589269,0.006561479132449869
34,0.5666666666666667,0.010278323105942662,0.005803547191997013,0.004874084171954603
35,0.5833333333333334,0.009062286322788275,0.0048977900087343465,0.003914481624644048
36,0.6,0.009034245374579029,0.004922641173002738,0.003856540075550575
37,0.6166666666666667,0.010177274579865047,0.0057826377739751324,0.004689936469234502
38,0.6333333333333333,0.012242167088807635,0.007282524977363711,0.0062258849292662075
39,0.65,0.014726433326125965,0.008976999339174572,0.007935835343582307
40,0.6666666666666666,0.016864560756410848,0.010406848496979796,0.009360591332291572
41,0.6833333333333333,0.0180112886342018,0.011143987030778601,0.0101302414374765
42,0.7,0.017836797455667318,0.011001268873648483,0.010072633629527107
43,0.7166666666666667,0.016453177816124914,0.01008554822876048,0.009142944536731222
44,0.7333333333333333,0.014261034856162211,0.008640163456063969,0.00768034567777977
45,0.75,0.011964752071667827,0.007107275753134367,0.006113455994994621
46,0.7666666666666667,0.010219989700917916,0.005922583535098381,0.004920080626816066
47,0.7833333333333333,0.00950100995039455,0.005381408927369531,0.004358092725110914
48,0.8,0.009965324853097063,0.005596195780521022,0.004577238718409429
49,0.8166666666666667,0.011394415822357003,0.006480656996643475,0.005513824083202634
50,0.8333333333333334,0.013359874634336149,0.007825642904861157,0.00691038656069483
51,0.85,0.015344746136176897,0.009246307279725348,0.008310488568610542
52,0.8666666666666667,0.016783188099980886,0.010320816351878086,0.009297746153318853
53,0.8833333333333333,0.017243014432251957,0.010746446301588823,0.009636337960114032
54,0.9,0.016621246757385202,0.010413635112121275,0.009317632084944103
55,0.9166666666666666,0.015176153971610085,0.009439915238436826,0.008392907994071906
56,0.9333333333333333,0.013368633782966599,0.008111554802082064,0.007148353998369906
57,0.95,0.011695523013774942,0.006862706195807263,0.006000317009335692
58,0.9666666666666667,0.010661956488569166,0.006055412067852753,0.005197135852494462
59,0.9833333333333333,0.010504764190706369,0.00586000487671584,0.004915446995525936
60,1.0,0.01114501562384973,0.006279256575351519,0.005320863309462579
61,1.0166666666666666,0.012390691373538973,0.007159661525059305,0.006291592532349421
62,1.0333333333333334,0.013959937160390668,0.008320358610971577,0.007483490782128864
63,1.05,0.015467103093874633,0.009471186051522524,0.008498105587774179
64,1.0666666666666667,0.016434493175850485,0.010301339821518705,0.009156314272403224
65,1.0833333333333333,0.01662542109150326,0.010657953900712901,0.009290566464319567
66,1.1,0.016087728811901177,0.01056820776105466,0.008858448693192151
67,1.1166666666666667,0.015066940794461194,0.010128020671010577,0.00809620964191596
68,1.1333333333333333,0.013961240161747141,0.00956094916707197,0.007253298808817945
69,1.15,0.01308717356238381,0.009133731631877704,0.006571784879530091
70,1.1666666666666667,0.012628073975952891,0.008842484291067059,0.006201955845752471
71,1.1833333333333333,0.012609330906871037,0.0086459678020862,0.006198474356384594
72,1.2,0.012978071312945753,0.00860259852325277,0.0065857144883013675
73,1.2166666666666666,0.013702951391266791,0.008730304602948604,0.007289641819106312
74,1.2333333333333334,0.014643013965800136,0.009068671147040859,0.008098205705095474
75,1.25,0.015509353676676057,0.009629902312396554,0.008772324844255101
76,1.2666666666666666,0.016061308782956883,0.010367387810916333,0.00905766525088024
77,1.2833333333333334,0.016143127990508682,0.011149636845937576,0.008888359800274982
78,1.3,0.015785353886064314,0.011952576119184688,0.008419201919478701
79,1.3166666666666667,0.015292754757501876,0.012819152015865738,0.007797005813441403
80,1.3333333333333333,0.015041875590436165,0.013773068067898445,0.007136996119066392
81,1.35,0.015211379686707565,0.014733210897855096,0.006597151148119045
82,1.3666666666666667,0.015760456601526883,0.015562079890944882,0.006352487850266559
83,1.3833333333333333,0.016464644105380302,0.016162488151135863,0.006508849753522469
84,1.4,0.017148993497576523,0.016453691335545518,0.007024180983498873
85,1.4166666666666667,0.0176970291039459,0.016434108774446583,0.007723330131206004
86,1.4333333333333333,0.01801828618123377,0.016073518891616134,0.008420451194310704
87,1.45,0.01803566389265699,0.015331031441689819,0.008929207582699683
88,1.4666666666666666,0.017649921112084077,0.014189194706163878,0.009154024324791054
89,1.4833333333333334,0.01683127814610121,0.012694951831989577,0.009066952937160914
90,1.5,0.01565915499877054,0.011019721901902797,0.008758090027755709
91,1.5166666666666666,0.014358013433125203,0.00947992219795239,0.008383720254486164
92,1.5333333333333334,0.013245469925483793,0.008497332697590516,0.008047828204342617
93,1.55,0.012599912776918059,0.008286743858166152,0.007859510085404921
94,1.5666666666666667,0.012493631118579528,0.00875956538168978,0.00793635502809534
95,1.5833333333333333,0.012865542447195719,0.009604734703237909,0.008260946310719913
96,1.6,0.013546454001243102,0.010565408333602897,0.008778877473101767
97,1.6166666666666667,0.014395462798751115,0.011707958720879907,0.009169399358669918
98,1.6333333333333333,0.015198068031927171,0.012840720398726198,0.009469540651002424
99,1.65,0.01575159941104982,0.013766171111448951,0.009677762367203697
100,1.6666666666666667,0.01596759587082622,0.014384374704448631,0.009684292344576418
101,1.6833333333333333,0.015842344267444883,0.014625666209374921,0.009466245764328982
102,1.7,0.015489497749252129,0.01452258307037679,0.008991828078631884
103,1.7166666666666666,0.015037715301392383,0.014168617950614356,0.008449362770016927
104,1.7333333333333334,0.01463516207509446,0.013758770326417645,0.00793739484185643
105,1.75,0.01443085476866387,0.013463413579039253,0.007543970448827393
106,1.7666666666666666,0.01446623370039819,0.013378149807451245,0.007337016432769478
107,1.7833333333333334,0.014691957718748497,0.013470927312783097,0.0073399417770463595
108,1.8,0.015050041256077675,0.013646957104741899,0.007544500585630193
109,1.8166666666666667,0.015454356143149587,0.013768987584323282,0.007841758565282393
110,1.8333333333333333,0.015788920747087702,0.013710250115790567,0.008093111105419448
111,1.85,0.015974480949698566,0.013438618803207306,0.008153527834079115
112,1.8666666666666667,0.01589790700594934,0.012966731274134115,0.008005592409528747
113,1.8833333333333333,0.015541965256481832,0.012321762071142345,0.007746105441720868
114,1.9,0.015013311156377452,0.011584618287355512,0.007467832784235959
115,1.9166666666666667,0.014493736698929323,0.01087919497099989,0.007164638039292137
116,1.9333333333333333,0.014099249355312123,0.010295776819200153,0.006965425003077301
117,1.95,0.013880595513922428,0.009906820378398167,0.006985620124382653
118,1.9666666666666666,0.013870180012126004,0.009711418755733132,0.00723358733143978
119,1.9833333333333334,0.014074011616685903,0.009657752246927036,0.007647024583612902
120,2.0,0.01443645133685037,0.009699577758772792,0.008119990019288736
121,2.0166666666666666,0.014837870684446327,0.009798058245171356,0.008537953051218045
122,2.033333333333333,0.015120253704849741,0.009889117194302242,0.008835355075647
123,2.05,0.015137291114404962,0.009911400230926851,0.00902474520441278
124,2.066666666666667,0.014870402760424287,0.009826173039667393,0.00906506703523709
125,2.0833333333333335,0.014393634868700513,0.00960150452780792,0.008952422470424326
126,2.1,0.013849498279771024,0.009343600106731222,0.008791790773693249
127,2.1166666666666667,0.013390961849420563,0.009185390674412567,0.00866452910961902
128,2.1333333333333333,0.013148606213802712,0.009239407485554728,0.008611106591024702
129,2.15,0.013189292659612467,0.009572816151608819,0.008660101174318983
130,2.1666666666666665,0.013487527812834481,0.010174570188731696,0.008818350732852653
131,2.183333333333333,0.013960111449419681,0.010967043440798423,0.009027652066520817
132,2.2,0.01447592168283481,0.011810020596126767,0.009240625856136941
133,2.216666666666667,0.014907759239801952,0.01256190324535594,0.00936879179886481
134,2.2333333333333334,0.015157731762835164,0.013106686902537733,0.00939021775825187
135,2.25,0.01521175124832734,0.013445533770097181,0.009274445370150763
136,2.2666666666666666,0.015115330699103745,0.013605701884770114,0.009032283931215456
137,2.283333333333333,0.014959888471283819,0.013665505491512511,0.008677865720228018
138,2.3,0.014792981475608405,0.013662223188675682,0.008308874547592566
139,2.316666666666667,0.014669728984596573,0.013669784739873927,0.008021014281245688
140,2.3333333333333335,0.01466318765184649,0.013737282317922981,0.007810473218950495
141,2.35,0.01478954971435067,0.01382799808468723,0.007723282296156414
142,2.3666666666666667,0.015022965515783748,0.0138819588976195,0.007708038937819679
143,2.3833333333333333,0.015294753409867187,0.013854935460676803,0.007748687838985049
144,2.4,0.015516769941506246,0.013734475022594669,0.007819516351833849
145,2.4166666666666665,0.015639097385626858,0.013516216994782213,0.00784257466912146
146,2.433333333333333,0.015638125359575792,0.013184817554256127,0.007795213623051811
147,2.45,0.015518759510649238,0.012758119999238978,0.007712114526923872
148,2.466666666666667,0.015323232728703284,0.012251185193944407,0.007539355386243697
149,2.4833333333333334,0.01504713913822299,0.011710664163087013,0.007380572269779004
150,2.5,0.014734770472396793,0.011192336826119633,0.007310130645126317
151,2.5166666666666666,0.014474244555849848,0.010754157179108291,0.0072790612854703625
152,2.533333333333333,0.014332224165536188,0.01036637675494808,0.0073209677363061006
153,2.55,0.014310259642372552,0.010043956604139277,0.0074743639471359325
154,2.566666666666667,0.01437049012126831,0.009810341738280158,0.007711132144692998
155,2.5833333333333335,0.01448144491634266,0.009662133200962215,0.007973860280521354
156,2.6,0.014583078104798032,0.00957499146152826,0.008235961015803872
157,2.6166666666666667,0.014624687021552063,0.00953139798934157,0.008479628261742521
158,2.6333333333333333,0.014584754320212846,0.00948203823131648,0.008662052686568623
159,2.65,0.01446146790653393,0.009403517135289611,0.00877505162752546
160,2.6666666666666665,0.014273022059450274,0.009312156336627877,0.00883832877267274
161,2.683333333333333,0.014055624403419023,0.009254387804032963,0.00884721676277874
162,2.7,0.013852498991440492,0.00929557540243846,0.008860110326307919
163,2.716666666666667,0.013728125430503816,0.009510780043506254,0.008876729384593062
164,2.7333333333333334,0.013724554227010844,0.009898795806574639,0.008915945150271899
165,2.75,0.013828312649958999,0.01042166374530732,0.008980746665533914
166,2.7666666666666666,0.014016878693743217,0.011026796127812861,0.009072998735476314
167,2.783333333333333,0.014261614386769175,0.011639581897025042,0.009141046741581222
168,2.8,0.014502552275760115,0.012221394832634203,0.009162312998949295
169,2.816666666666667,0.014691270733871812,0.012711564530960433,0.009164202647862345
170,2.8333333333333335,0.014834440107455335,0.013105722288426254,0.009130079313701727
171,2.85,0.014961111959911082,0.01344770016162823,0.009003577473160329
172,2.8666666666666667,0.015048964505204356,0.013703566968057825,0.008795531470501161
173,2.8833333333333333,0.015063919006876541,0.013869037860193747,0.008582670823071977
174,2.9,0.015036205672890048,0.013970977216196584,0.008383267371289032
175,2.9166666666666665,0.015021289049862673,0.014040856153245277,0.00817500799237055
176,2.933333333333333,0.01504745787463162,0.01407076256651979,0.007996039268551136
177,2.95,0.015123221263183686,0.014031400044252821,0.007859703895075117
178,2.966666666666667,0.015232055721700643,0.013908679002558723,0.0077567702628594925
179,2.9833333333333334,0.015337437246405917,0.013716280165701481,0.007700887632443762
180,3.0,0.015405532888416092,0.013476263335272794,0.007673566506464199
181,3.0166666666666666,0.015423805346674294,0.013201631974458372,0.00762804154773982
182,3.033333333333333,0.015378768303975124,0.012883107015169096,0.007554305883134825
183,3.05,0.015259312374778435,0.012506710478670928,0.007483388304614717
184,3.066666666666667,0.015083022845152106,0.012073015433187149,0.007423398506275566
185,3.0833333333333335,0.01488484281708894,0.011600044787508914,0.007374238179801965
186,3.1,0.01469730397326229,0.011124479117419175,0.007362379332632785
187,3.1166666666666667,0.014545562726849664,0.010690730175220608,0.007407489027361919
188,3.1333333333333333,0.014448060636130628,0.01032616483695513,0.007522963234993546
189,3.15,0.014414112281805662,0.010037667663412471,0.007697165411717886
190,3.1666666666666665,0.01443316321365492,0.009817920407638219,0.007908794581581627
191,3.183333333333333,0.014464475247785744,0.009647114471831426,0.008128777212522366
192,3.2,0.01446299526951845,0.009500205030702426,0.008341177949890421
193,3.216666666666667,0.014407219542613904,0.009368380842010372,0.008540149538745176
194,3.2333333333333334,0.014311200727251637,0.00927138193989219,0.008694185629651345
195,3.25,0.014201033084488304,0.009223852388289802,0.008788130186536633
196,3.2666666666666666,0.014082354938726581,0.00924396498058278,0.008849314733404475
197,3.283333333333333,0.013970515907033696,0.009359674965751378,0.00890604056859922
198,3.3,0.01389162742211794,0.009580654970592446,0.008959945332844449
199,3.316666666666667,0.013871627398157758,0.009904165074492493,0.00901032242327843
200,3.3333333333333335,0.013922850092351504,0.010318399945717345,0.00906123059668675
201,3.35,0.014040378879954761,0.010798808263195904,0.009117396596308058
202,3.3666666666666667,0.014207182346940045,0.01131062269531728,0.009172532697409629
203,3.3833333333333333,0.014404778499878066,0.011816595642910365,0.009199150140810767
204,3.4,0.014599598266059726,0.01229877130828465,0.009207870143644215
205,3.4166666666666665,0.014778923948387812,0.01274450632104128,0.009161641892832416
206,3.433333333333333,0.014917517835555694,0.013142398888543195,0.00905894110862848
207,3.45,0.0150061993898758,0.01345788028316688,0.00890889267705486
208,3.466666666666667,0.015045438558499534,0.013697280020288968,0.008726453584759814
209,3.4833333333333334,0.015059284013948866,0.01385777960242548,0.008509311651911716
210,3.5,0.015063070831322226,0.013946772773006258,0.008293611176443918
211,3.5166666666666666,0.015076959575984133,0.013964920991142639,0.008108476087360542
212,3.533333333333333,0.015122996579389286,0.013927247286893605,0.007957328603223722
213,3.55,0.015207324383854408,0.013834491859895142,0.007838281305493529
214,3.566666666666667,0.015309727901093067,0.013684829132953805,0.007753918647344822
215,3.5833333333333335,0.015389938192401188,0.013486521918312616,0.007686497550034256
216,3.6,0.015417326965848506,0.013228091633921999,0.007629991654486404
217,3.6166666666666667,0.015379191446147711,0.012901600624541418,0.007582986030316852
218,3.6333333333333333,0.015287772036295149,0.012528808798203334,0.007546084962261802
219,3.65,0.015170286824692616,0.012138826716652671,0.007495467068869034
220,3.6666666666666665,0.015040304666727225,0.011728029627658624,0.0074558012624787815
221,3.683333333333333,0.014905559583390987,0.011303931777570568,0.007462394368153675
222,3.7,0.014777830860463165,0.010892155434836646,0.007520677147348405
223,3.716666666666667,0.014668112586454039,0.010516372452864582,0.007619140103963235
224,3.7333333333333334,0.014584364950796243,0.010189335879706135,0.0077596973864259644
225,3.75,0.014526441426568426,0.009918715019186326,0.007922903331133156
226,3.7666666666666666,0.014480798245149031,0.009694360111161374,0.008102709287546507
227,3.783333333333333,0.01443105498689404,0.009501949977856014,0.008284946452405009
228,3.8,0.014363678811229089,0.009343302074060207,0.008460898402014612
229,3.816666666666667,0.014280650617798332,0.009232583271779903,0.008608095051875878
230,3.8333333333333335,0.014186740407592779,0.00918218776867761,0.00872856688613111
231,3.85,0.014094700095980147,0.009212530927240375,0.008815036325987954
232,3.8666666666666667,0.014015078752011639,0.009339290654799142,0.008899268948937764
233,3.8833333333333333,0.013960375705807354,0.009573796535617568,0.008990371880668042
234,3.9,0.01396400747697078,0.009914490412045573,0.009067969408984553
235,3.9166666666666665,0.014037514075755275,0.010335540616727397,0.00910942583560601
236,3.933333333333333,0.014150482484432462,0.010814017791532566,0.009151135199394436
237,3.95,0.014280801239263856,0.01132291903234543,0.009186613812330756
238,3.966666666666667,0.014428243321316356,0.01184083309073965,0.00920473875713781
239,3.9833333333333334,0.014588476498891237,0.012343961053177711,0.009189986981026002
240,4.0,0.014742001466809509,0.01281832333946192,0.009144048732672655
241,4.016666666666667,0.014888857862416574,0.013215614980215257,0.009054963438975643
242,4.033333333333333,0.015010441686320142,0.013529990351030103,0.008920960275254559
243,4.05,0.01508999354553561,0.013765428294973906,0.00876635407028011
244,4.066666666666666,0.015128849572334532,0.013928892159523195,0.008607554677803544
245,4.083333333333333,0.015151335153945528,0.014015162909368413,0.008416491156053937
246,4.1,0.01515951735723749,0.014012999824256784,0.008184386503625152
247,4.116666666666666,0.015137866653819821,0.013924651270101007,0.008021842126928549
248,4.133333333333334,0.015129637835101758,0.013801497573408024,0.007874657683180863
249,4.15,0.01513835177070769,0.013655300043209397,0.007736692328967725
250,4.166666666666667,0.015164678967260288,0.01345550830652545,0.007640799051358824
251,4.183333333333334,0.015191210922195218,0.013194081783864305,0.0075928337768155375
252,4.2,0.01520700938635886,0.012888688451297774,0.0075474809547823735
253,4.216666666666667,0.01519002228764695,0.012547330428096786,0.007527113623471439
254,4.233333333333333,0.015131618410687385,0.012170628805304359,0.007469963536749985
255,4.25,0.015011974031669682,0.011730395940318427,0.007408906720214736
256,4.266666666666667,0.014851466095279816,0.011261011495241254,0.007418089625532492
257,4.283333333333333,0.014685803586588558,0.01086679617913668,0.007442336969313106
258,4.3,0.014547918753510015,0.010550055399792575,0.007518116568549272
259,4.316666666666666,0.014472030372319217,0.01027147867145371,0.007662759962184884
260,4.333333333333333,0.014453953693439664,0.01002473447197126,0.007854934998534761
261,4.35,0.01446971972696621,0.009806632288339803,0.008056717793535614
262,4.366666666666666,0.014477540279652973,0.009611970126214165,0.008253608410994455
263,4.383333333333334,0.014446590869205116,0.009463840940140066,0.00845689422637187
264,4.4,0.014380185636805284,0.009378351362388796,0.008611341400618977
265,4.416666666666667,0.014267080047476732,0.00931729771537521,0.00870295012804848
266,4.433333333333334,0.014122251873463249,0.009302406186503414,0.008800457882780433
267,4.45,0.01398062345341261,0.00936849583931267,0.008864022545636252
268,4.466666666666667,0.013868114330412625,0.009517133469151798,0.00890624156419839
269,4.483333333333333,0.013808323961209356,0.009765278019646953,0.008959069797935773
270,4.5,0.013830563292115483,0.010130514761150223,0.009031205481566783
271,4.516666666666667,0.01395235247075106,0.010594589329891404,0.009093442608875194
272,4.533333333333333,0.014146975761313768,0.011117775683275617,0.00915598285360279
273,4.55,0.014378057146855213,0.011661566051688005,0.009204193066383223
274,4.566666666666666,0.014605289101260816,0.012198317406289915,0.009207048043385468
275,4.583333333333333,0.014789328453257526,0.012702569101864151,0.009165034559250636
276,4.6,0.014913375922314226,0.013135284957592565,0.009073932717546892
277,4.616666666666666,0.014986867013964577,0.01347683038117783,0.00893313837579502
278,4.633333333333334,0.015036707903234997,0.013720313520400082,0.008748478504776312
279,4.65,0.015070542594244733,0.013876755407999755,0.00854334502155737
280,4.666666666666667,0.015084814077242653,0.013972430745208481,0.00836827263647005
281,4.683333333333334,0.015120812242023444,0.014019311483099432,0.008225079477316216
282,4.7,0.01520703764503544,0.014012119200091329,0.008091720593523699
283,4.716666666666667,0.01532346943773958,0.013951041317700875,0.007958503474526772
284,4.733333333333333,0.015417110238244157,0.01383077120127893,0.007854317377737756
285,4.75,0.015452779304414086,0.01362437397569349,0.007783842667785829
286,4.766666666666667,0.015426156112817998,0.013343723660629183,0.007713061768005496
287,4.783333333333333,0.015357309969285861,0.012993131806528665,0.0076189183905093286
288,4.8,0.0152515426698549,0.01260244127976173,0.007495081928365097
289,4.816666666666666,0.015104692340621435,0.012197099398870275,0.007386697807839135
290,4.833333333333333,0.014939860198161252,0.011784702618652682,0.007336151122664988
291,4.85,0.014800205029342723,0.011373387319082438,0.0073347203048980975
292,4.866666666666666,0.014705375239788696,0.010980592275972575,0.007397171054756738
293,4.883333333333334,0.014664084330917246,0.010625235905032117,0.007516252132376855
294,4.9,0.014656652524306797,0.010319902504605419,0.007661916624114081
295,4.916666666666667,0.014647197409632976,0.010059826733104954,0.007837099871593726
296,4.933333333333334,0.014612944217618431,0.00982688493890734,0.008030517140477294
297,4.95,0.0145533841512807,0.009607012310872683,0.008211973426887781
298,4.966666666666667,0.014468551303794923,0.009407490474115812,0.008353359526594014
299,4.983333333333333,0.014342716889372916,0.009245842176489546,0.008465969311621465
300,5.0,0.014179860295192479,0.009145218775450647,0.008583764910737667
301,5.016666666666667,0.01402711494822702,0.009127977554859296,0.00870454430146481
302,5.033333333333333,0.013936733885697154,0.009217641333459897,0.008817364793613948
303,5.05,0.013925996639973069,0.009420037979528503,0.008925904183651932
304,5.066666666666666,0.013975403322678426,0.00972716281500741,0.009035257049735798
305,5.083333333333333,0.014061406043369593,0.010130829463111163,0.009149151456732578
306,5.1,0.014175631782735907,0.010595169672758193,0.009233874313959292
307,5.116666666666666,0.014298494357723034,0.011083173213463434,0.009280037153901115
308,5.133333333333334,0.014408353822879603,0.011573484221912757,0.009280285710212678
309,5.15,0.014499086822618003,0.012029253108385561,0.009240319336153654
310,5.166666666666667,0.014573751277243367,0.01246159794190889,0.009158987246993626
311,5.183333333333334,0.014649271722343942,0.012858856526528408,0.009040647381293898
312,5.2,0.014737295501803511,0.01321465479777863,0.008890324280650936
313,5.216666666666667,0.014835939364243633,0.01351666213405125,0.008737099285364636
314,5.233333333333333,0.014949223813643026,0.013761618333467895,0.008595126378971406
315,5.25,0.015073982276973987,0.0139598337426538,0.00846589861351631
316,5.266666666666667,0.01520706474537403,0.014106219276141068,0.008350324790493812
317,5.283333333333333,0.015335857954269807,0.01417338118524903,0.008236859288596788
318,5.3,0.015438322191128076,0.01415103209030816,0.008115216920179982
319,5.316666666666666,0.015484905118370357,0.014031293059019796,0.00797562113089305
320,5.333333333333333,0.015454179992699539,0.013813398908760766,0.007832332596209279
321,5.35,0.015349050615226909,0.013495018861921794,0.007638478427445022
322,5.366666666666666,0.015176488529266176,0.013089052701414687,0.007449673940853374
323,5.383333333333334,0.014975537948048442,0.012644594920477521,0.007291257879506189
324,5.4,0.014790955230001105,0.01221270412242419,0.00716617956662355
325,5.416666666666667,0.014658060130320767,0.01180644173916168,0.007107631982953106
326,5.433333333333334,0.014592108051128611,0.011407437334408965,0.007152298046879908
327,5.45,0.014590584177712994,0.011040363949925152,0.007268788554576072
328,5.466666666666667,0.01462765115840605,0.010716355808707374,0.0074780065930949565
329,5.483333333333333,0.014700179420027574,0.010457937847317154,0.007728998771235155
330,5.5,0.014773279058113268,0.010247235353738386,0.007954999327261025
331,5.516666666666667,0.014803495255856716,0.010031160846444741,0.008132904397492027
332,5.533333333333333,0.014731664544928186,0.009783359024771128,0.008288938686156776
333,5.55,0.01456628450805366,0.009525620397982621,0.008415925998205362
334,5.566666666666666,0.014338843802004954,0.009280698066918423,0.008460525177460041
335,5.583333333333333,0.014092001010731279,0.009096127532715065,0.008504922451374212
336,5.6,0.013875026065523733,0.009011308701617505,0.008536151175552162
337,5.616666666666666,0.013728154737941029,0.009047817203546216,0.008624071763396461
338,5.633333333333334,0.013687142981642217,0.009215306190115482,0.008756185686133167
339,5.65,0.013773407596778503,0.009531436509309262,0.008903836316091509
340,5.666666666666667,0.01395340616185283,0.009951606593656905,0.009036333605473153
341,5.683333333333334,0.014154501732138622,0.010430824969501925,0.009172062603028216
342,5.7,0.014335576511138858,0.010950611329278104,0.00929684118380066
343,5.716666666666667,0.014484028136956305,0.011462755292508,0.009367769029433195
344,5.733333333333333,0.014603481243781866,0.011942452643007388,0.009345052657041513
345,5.75,0.014676740775300028,0.012367108590537166,0.009243401764799397
346,5.766666666666667,0.01470413682311253,0.012744953670660938,0.009078133745214458
347,5.783333333333333,0.014688913038491276,0.013071031048438361,0.008910209000742506
348,5.8,0.01468737846360207,0.013363797267882008,0.00875726108395088
349,5.816666666666666,0.014765332780969137,0.013623913551688604,0.008596161064521846
350,5.833333333333333,0.01492800093374576,0.013841829786055283,0.008444050042262657
351,5.85,0.015134511389789424,0.014001136821485356,0.008333931722417505
352,5.866666666666666,0.015330159680270652,0.014107110488394602,0.008278394430544414
353,5.883333333333334,0.015514095092387145,0.014149104311512502,0.008223289392389782
354,5.9,0.015658598352426466,0.014094330337613297,0.008130237935086942
355,5.916666666666667,0.015709746807833536,0.01393000590279397,0.008029417893729214
356,5.933333333333334,0.01566685112529869,0.013685777720096508,0.00789955901556979
357,5.95,0.015539579536280584,0.013382401649206085,0.0077385025412000635
358,5.966666666666667,0.015362294961558654,0.013015796843177947,0.007604491020880263
359,5.983333333333333,0.01519363474901445,0.01259562254223289,0.007504022876726846
360,6.0,0.015066194443638594,0.012163578049532291,0.007432920160734875
