attempt,optimizer_updates,physical_seed,candidate_mode,noise_seed,requested_noise_rms_m,noise_scale,noise_halvings,inertial_base_fallback,initializer_fallback,candidate_from_previous_rms_m,valid,min_gauss_j,min_center_j,min_center_singular_ratio,energy_before_joule,energy_after_joule,normalized_loss,energy_ratio,descent,gradient_norm,nonzero_gradient_tensors,status,elapsed_seconds
1,1,8,inertial,1297496168,0,0,0,False,False,0.0009260308726487296,True,0.9115656614303589,0.9206082224845886,0.8845375180244446,27.403196334838867,27.403196334838867,0.0,1.0,False,6.075807094573975,2,complete,1.3021693788468838
2,2,6,noisy_inertial,1998316827,0.0014328438120746662,1.0,0,False,False,0.0018403087849694826,True,0.8019919395446777,0.8194867968559265,0.6936179399490356,163.36570739746094,163.60574340820312,0.0014693169978335257,1.0014693169978335,False,3.403785228729248,68,complete,1.5869259350001812
3,3,5,inertial,3564417306,0,0,0,False,False,0.0008877445040827954,True,0.8321133852005005,0.8451964855194092,0.819669783115387,138.38720703125,138.48678588867188,0.0007195669278836484,1.0007195669278837,False,5.685649394989014,72,complete,1.7252625860273838
4,4,2,previous,1830107601,0,0,0,False,False,0.0,True,0.8405693769454956,0.8459464311599731,0.8539628386497498,80.0433349609375,80.07252502441406,0.00036467825198447496,1.0003646782519844,False,7.200918197631836,72,complete,1.8654828928411007
5,5,4,inertial,3948279203,0,0,0,False,False,0.0012574630379416011,True,0.7966944575309753,0.8058828115463257,0.8178266286849976,105.56957244873047,105.80716705322266,0.0022505973926111576,1.0022505973926112,False,3.2065303325653076,72,complete,2.004668705165386
6,6,13,inertial,4088827538,0,0,0,False,False,0.0008676485830332849,True,0.9456826448440552,0.9546684622764587,0.894516110420227,24.156862258911133,24.10296058654785,-0.002231319274232218,0.9977686807257677,True,13.875946044921875,72,complete,2.146790735423565
7,7,12,noisy_inertial,2252507016,0.0012546523762639074,1.0,0,False,False,0.0019501251209227896,True,0.8331973552703857,0.8550117611885071,0.7632879018783569,135.3281707763672,135.59483337402344,0.001970488451343334,1.0019704884513434,False,5.023276329040527,72,complete,2.4317788034677505
8,8,7,noisy_inertial,2890889445,0.001341908073148682,1.0,0,False,False,0.0019456737378573436,True,0.8801396489143372,0.8975498080253601,0.7984195947647095,53.86466598510742,54.21669006347656,0.006535343196344497,1.0065353431963444,False,14.532597541809082,72,complete,2.713664211332798
9,9,11,noisy_inertial,3861366630,0.0015217817786300032,1.0,0,False,False,0.002910001419779722,True,0.8471382260322571,0.8688878417015076,0.7389898896217346,135.79786682128906,135.66696166992188,-0.0009639706015372067,0.9990360293984628,True,6.16655969619751,72,complete,3.656141012907028
10,10,9,inertial,1070465344,0,0,0,False,False,0.0014337688819244746,True,0.8439627885818481,0.8621700406074524,0.7785450220108032,135.56272888183594,135.09901428222656,-0.003420664392301918,0.9965793356076981,True,3.305424928665161,72,complete,3.796592939645052
11,11,1,inertial,2663723214,0,0,0,False,False,0.0010627579388046264,True,0.8454911112785339,0.8694068789482117,0.7439348101615906,195.87197875976562,195.45530700683594,-0.002127265755765555,0.9978727342442344,True,3.1100502014160156,72,complete,3.934544548392296
12,12,3,inertial,268655963,0,0,0,False,False,0.0020213320456136832,True,0.874739408493042,0.8859620690345764,0.8672968745231628,36.210628509521484,36.32701110839844,0.0032140452587380705,1.0032140452587381,False,8.049001693725586,72,complete,4.077184040099382
13,13,14,inertial,90514235,0,0,0,False,False,0.0008464528758327542,True,0.8614071607589722,0.8763378858566284,0.8074150085449219,73.98258209228516,73.66322326660156,-0.004316675853314076,0.9956833241466859,True,4.339468002319336,72,complete,4.216439262032509
14,14,15,inertial,250533092,0,0,0,False,False,0.0011274326712872513,True,0.9185304641723633,0.9370428919792175,0.7944904565811157,192.07884216308594,191.0181121826172,-0.00552236763051773,0.9944776323694823,True,5.068885803222656,72,complete,4.356123939156532
15,15,0,noisy_inertial,329479637,0.0013811445595832065,1.0,0,False,False,0.002358266532494646,True,0.8864331841468811,0.8968371748924255,0.8738104701042175,36.99613571166992,36.72559356689453,-0.007312713600249115,0.9926872863997509,True,12.231338500976562,72,complete,4.6475053280591965
16,16,10,inertial,3555258926,0,0,0,False,False,0.0010061900837447055,True,0.8544186353683472,0.8733453750610352,0.797371506690979,98.45536041259766,99.24349975585938,0.008005042487873256,1.0080050424878733,False,2.808742046356201,72,complete,4.792431589215994
17,17,15,previous,109805100,0,0,0,False,False,0.0,True,0.935043454170227,0.9468845725059509,0.7996652722358704,191.14125061035156,188.98492431640625,-0.011281323560768485,0.9887186764392315,True,5.237604141235352,72,complete,5.7130919843912125
18,18,9,inertial,204083228,0,0,0,False,False,0.0014337688819244746,True,0.8439627885818481,0.8621700406074524,0.7785450220108032,135.56272888183594,134.19590759277344,-0.010082574320659315,0.9899174256793407,True,2.815925121307373,72,complete,5.852607253938913
19,19,5,inertial,2295513141,0,0,0,False,False,0.0008877445040827954,True,0.8321133852005005,0.8451964855194092,0.819669783115387,138.38720703125,136.0928497314453,-0.01657925865420917,0.9834207413457908,True,4.122106075286865,72,complete,5.991777338087559
20,20,7,noisy_inertial,1417475346,0.0018842698730019336,1.0,0,False,False,0.0025319436746943764,True,0.873268723487854,0.8863325715065002,0.8060828447341919,68.48078155517578,67.89149475097656,-0.008605141337711272,0.9913948586622887,True,3.9001688957214355,72,complete,6.278678115457296
21,21,12,inertial,500141693,0,0,0,False,False,0.0018368115918662024,True,0.8398538827896118,0.8534592986106873,0.7644179463386536,135.4047393798828,136.63644409179688,0.009096466767374155,1.009096466767374,False,2.6302742958068848,72,complete,6.418704852461815
22,22,13,noisy_inertial,1694213483,0.0022264319394913914,1.0,0,False,False,0.002253848670665192,True,0.9406903982162476,0.9489759206771851,0.8789706230163574,41.041378021240234,39.951908111572266,-0.02654564642308387,0.9734543535769161,True,7.15964937210083,72,complete,6.70314509421587
23,23,3,noisy_inertial,1083588195,0.0002967561440338922,1.0,0,False,False,0.002051599110074205,True,0.8811458945274353,0.8922935724258423,0.8689826726913452,36.12913513183594,36.77216720581055,0.017798158511909364,1.0177981585119094,False,12.037333488464355,72,complete,6.994173534214497
24,24,10,inertial,3705744106,0,0,0,False,False,0.0010061900837447055,True,0.8544186353683472,0.8733453750610352,0.797371506690979,98.45536041259766,99.53527069091797,0.010968526993296495,1.0109685269932964,False,4.014160633087158,72,complete,7.139497324824333
25,25,2,noisy_inertial,506037414,0.0006880102180450427,1.0,0,False,False,0.0007515161591529427,True,0.8468455076217651,0.8516308069229126,0.861050546169281,81.93549346923828,83.52208709716797,0.01936393571029575,1.0193639357102957,False,9.755058288574219,72,complete,8.073117058724165
26,26,14,inertial,2060671945,0,0,0,False,False,0.0008464528758327542,True,0.8614071607589722,0.8763378858566284,0.8074150085449219,73.98258209228516,72.94200134277344,-0.014065212649833016,0.9859347873501669,True,3.2490806579589844,72,complete,8.214589182287455
27,27,8,noisy_inertial,2586950777,0.0020984996907877497,1.0,0,False,False,0.0024731303604928496,True,0.9065131545066833,0.9181598424911499,0.8812307715415955,42.57049560546875,43.02307891845703,0.010631384637442202,1.0106313846374422,False,32.3005485534668,72,complete,8.49664967507124
28,28,1,inertial,1377190691,0,0,0,False,False,0.0010627579388046264,True,0.8454911112785339,0.8694068789482117,0.7439348101615906,195.87197875976562,193.98097229003906,-0.009654298086434593,0.9903457019135654,True,2.9511301517486572,72,complete,8.636545069515705
29,29,11,inertial,3287564585,0,0,0,False,False,0.00248680079544449,True,0.8551995754241943,0.8760655522346497,0.7536994814872742,112.39400482177734,110.34339141845703,-0.01824486463109808,0.9817551353689019,True,3.0644848346710205,72,complete,8.776833392679691
30,30,6,inertial,586642184,0,0,0,False,False,0.00170503146333251,True,0.8099891543388367,0.8276446461677551,0.7060531377792358,167.4231719970703,164.88621520996094,-0.015152960948283601,0.9848470390517164,True,2.610213279724121,72,complete,8.917746543884277
31,31,0,inertial,2247376672,0,0,0,False,False,0.002129038930236235,True,0.8889185190200806,0.8984441161155701,0.868065595626831,28.15040397644043,27.65347671508789,-0.01765258011105014,0.9823474198889499,True,6.7588276863098145,72,complete,9.058226000517607
32,32,4,inertial,2956499643,0,0,0,False,False,0.0012574630379416011,True,0.7966944575309753,0.8058828115463257,0.8178266286849976,105.56957244873047,106.5180435180664,0.008984322350993317,1.0089843223509933,False,3.631757974624634,72,complete,9.198905251920223
33,33,8,inertial,2840473166,0,0,0,False,False,0.0009260308726487296,True,0.9115656614303589,0.9206082224845886,0.8845375180244446,27.403196334838867,27.481969833374023,0.00287460986567498,1.002874609865675,False,8.149985313415527,72,complete,10.03568121790886
34,34,1,noisy_inertial,1089345848,0.0018092371488425175,1.0,0,False,False,0.0019865640727823215,True,0.8312271237373352,0.8501817584037781,0.7497498989105225,207.38096618652344,207.05044555664062,-0.0015937847911535637,0.9984062152088464,True,7.832162857055664,72,complete,10.322768818587065
35,35,14,inertial,1518868856,0,0,0,False,False,0.0008464528758327542,True,0.8614071607589722,0.8763378858566284,0.8074150085449219,73.98258209228516,73.07797241210938,-0.012227333172115835,0.9877726668278841,True,4.7692060470581055,72,complete,10.74026269838214
36,36,7,inertial,486132216,0,0,0,False,False,0.0014115448025887956,True,0.8870240449905396,0.8998292088508606,0.8155162334442139,50.72197723388672,50.904056549072266,0.003589751920473281,1.0035897519204733,False,4.726571559906006,72,complete,10.881648734211922
37,37,2,noisy_inertial,1010959916,0.002107345219714155,1.0,0,False,False,0.002128693953157483,True,0.8391204476356506,0.8458702564239502,0.8310975432395935,90.33485412597656,90.04988098144531,-0.00315463114750637,0.9968453688524936,True,10.324015617370605,72,complete,11.168517090380192
38,38,13,inertial,2472217384,0,0,0,False,False,0.0008676485830332849,True,0.9456826448440552,0.9546684622764587,0.894516110420227,24.156862258911133,22.67988395690918,-0.061141148472505624,0.9388588515274944,True,13.642502784729004,72,complete,11.310629043728113
39,39,11,noisy_inertial,2779311673,0.0013214508548041446,1.0,0,False,False,0.0026086091928295306,True,0.8534322381019592,0.8736752271652222,0.7509808540344238,122.6468734741211,119.95784759521484,-0.021924944376781393,0.9780750556232186,True,7.845066547393799,72,complete,11.594617273658514
40,40,10,inertial,4242219310,0,0,0,False,False,0.0010061900837447055,True,0.8544186353683472,0.8733453750610352,0.797371506690979,98.45536041259766,99.5545425415039,0.011164269007801087,1.011164269007801,False,2.862466335296631,72,complete,11.735252421349287
41,41,0,inertial,2869112077,0,0,0,False,False,0.002129038930236235,True,0.8889185190200806,0.8984441161155701,0.868065595626831,28.15040397644043,27.4376277923584,-0.025320282603353266,0.9746797173966467,True,3.601661205291748,72,complete,12.566754650324583
42,42,9,noisy_inertial,961653133,0.0005686032360487282,1.0,0,False,False,0.0017320144352945604,True,0.8506969809532166,0.8664842247962952,0.7789756059646606,135.42514038085938,132.88067626953125,-0.018788713116133882,0.9812112868838662,True,4.055246353149414,72,complete,12.856352925300598
43,43,3,noisy_inertial,2159480775,0.002359517529782758,1.0,0,False,False,0.0033117714633193493,True,0.8427071571350098,0.8601477742195129,0.847838819026947,61.51839828491211,60.56846618652344,-0.015441430935656374,0.9845585690643436,True,12.029132843017578,72,complete,13.140383582562208
44,44,4,inertial,2551415990,0,0,0,False,False,0.0012574630379416011,True,0.7966944575309753,0.8058828115463257,0.8178266286849976,105.56957244873047,106.71480560302734,0.010848136709590766,1.0108481367095907,False,3.1648974418640137,72,complete,13.282602425664663
45,45,12,inertial,3302239677,0,0,0,False,False,0.0018368115918662024,True,0.8398538827896118,0.8534592986106873,0.7644179463386536,135.4047393798828,138.0334014892578,0.01941336855278156,1.0194133685527815,False,2.7383406162261963,72,complete,13.423625323921442
46,46,15,previous,966324208,0,0,0,False,False,0.0,True,0.935043454170227,0.9468845725059509,0.7996652722358704,191.14125061035156,186.75436401367188,-0.022951019639515263,0.9770489803604847,True,5.51392936706543,72,complete,13.564484473317862
47,47,6,inertial,1915214962,0,0,0,False,False,0.00170503146333251,True,0.8099891543388367,0.8276446461677551,0.7060531377792358,167.4231719970703,163.64439392089844,-0.022570221499793344,0.9774297785002066,True,2.73386549949646,72,complete,13.70475971326232
48,48,5,noisy_inertial,2247164468,0.001297577328293782,1.0,0,False,False,0.0013811967930749563,True,0.8344586491584778,0.8455144166946411,0.8230723142623901,138.91355895996094,134.17320251464844,-0.03412450505770148,0.9658754949422985,True,4.69943380355835,72,complete,13.98640188202262
49,49,11,noisy_inertial,1468359937,0.0008690912585673538,1.0,0,False,False,0.0026616332016312833,True,0.8656886219978333,0.887016236782074,0.7556558847427368,115.13837432861328,112.2168960571289,-0.025373627936992264,0.9746263720630077,True,2.816213369369507,72,complete,14.982683695852757
50,50,6,noisy_inertial,3348283794,0.0011361466257414714,1.0,0,False,False,0.002114046079057135,True,0.8175115585327148,0.826266884803772,0.6915387511253357,178.0705108642578,172.55697631835938,-0.030962647993419724,0.9690373520065803,True,2.424387216567993,72,complete,15.269701577723026
51,51,2,noisy_inertial,4206104468,0.0006566181869048643,1.0,0,False,False,0.0007338191006559555,True,0.8505463600158691,0.8554173111915588,0.8504664301872253,76.85347747802734,78.9319076538086,0.027044061556947503,1.0270440615569476,False,9.155659675598145,72,complete,15.552362222224474
52,52,4,inertial,1279465908,0,0,0,False,False,0.0012574630379416011,True,0.7966944575309753,0.8058828115463257,0.8178266286849976,105.56957244873047,107.3460922241211,0.016827952734708537,1.0168279527347086,False,3.615507125854492,72,complete,15.693205412477255
53,53,3,inertial,3028903154,0,0,0,False,False,0.0020213320456136832,True,0.874739408493042,0.8859620690345764,0.8672968745231628,36.210628509521484,36.67689514160156,0.01287651309221199,1.012876513092212,False,7.229753494262695,72,complete,15.835461508482695
54,54,15,inertial,234962524,0,0,0,False,False,0.0011274326712872513,True,0.9185304641723633,0.9370428919792175,0.7944904565811157,192.07884216308594,187.48590087890625,-0.02391175015663629,0.9760882498433637,True,5.185442924499512,72,complete,15.97912485152483
55,55,13,noisy_inertial,2207113539,0.0020401292142830313,1.0,0,False,False,0.0019451498894258506,True,0.9642012715339661,0.9752917289733887,0.8981246948242188,45.777774810791016,43.667781829833984,-0.04609208266845795,0.953907917331542,True,25.281545639038086,72,complete,16.262788962572813
56,56,9,inertial,3582801857,0,0,0,False,False,0.0014337688819244746,True,0.8439627885818481,0.8621700406074524,0.7785450220108032,135.56272888183594,131.68824768066406,-0.02858072593499567,0.9714192740650043,True,2.961942434310913,72,complete,16.403764102607965
57,57,8,inertial,3817965257,0,0,0,False,False,0.0009260308726487296,True,0.9115656614303589,0.9206082224845886,0.8845375180244446,27.403196334838867,27.83669662475586,0.015819333066846096,1.0158193330668461,False,6.939884185791016,72,complete,17.220075011253357
58,58,14,inertial,3540242810,0,0,0,False,False,0.0008464528758327542,True,0.8614071607589722,0.8763378858566284,0.8074150085449219,73.98258209228516,72.41192626953125,-0.021230075760192924,0.978769924239807,True,4.3926825523376465,72,complete,17.363761875778437
59,59,12,noisy_inertial,407478012,0.001467263944828602,1.0,0,False,False,0.002214112926092198,True,0.84814453125,0.8677951693534851,0.7681998610496521,136.6723175048828,140.6805877685547,0.02932759418181867,1.0293275941818187,False,6.675655364990234,72,complete,17.65778372064233
60,60,0,inertial,3331231726,0,0,0,False,False,0.002129038930236235,True,0.8889185190200806,0.8984441161155701,0.868065595626831,28.15040397644043,27.83824920654297,-0.011088820258448468,0.9889111797415515,True,12.019556999206543,72,complete,17.798924416303635
61,61,10,inertial,477943269,0,0,0,False,False,0.0010061900837447055,True,0.8544186353683472,0.8733453750610352,0.797371506690979,98.45536041259766,100.01792907714844,0.0158708338276607,1.0158708338276607,False,4.558889865875244,72,complete,17.94009442999959
62,62,1,rigid,783822956,0,0,0,False,False,0.0003865228065328565,True,0.8406973481178284,0.8732662200927734,0.7676377892494202,192.6739044189453,189.56182861328125,-0.0161520358195329,0.983847964180467,True,4.607845783233643,72,complete,18.087857149541378
63,63,7,noisy_inertial,1865501034,0.0012233502735462325,1.0,0,False,False,0.0018309099471711813,True,0.8922148942947388,0.8996760845184326,0.8275772929191589,54.67195129394531,55.431793212890625,0.013898203758267209,1.0138982037582671,False,16.52583122253418,72,complete,18.372094083577394
64,64,5,inertial,1712043654,0,0,0,False,False,0.0008877445040827954,True,0.8321133852005005,0.8451964855194092,0.819669783115387,138.38720703125,132.71336364746094,-0.040999768009681845,0.9590002319903181,True,4.267196178436279,72,complete,18.51287665218115
